0,Electricity Facility [kW](Hourly),Cooling Electricity [kW](Hourly),Heating Electricity [kW](Hourly),Equipment Usage [kW](Hourly),Gas Usage [kW](Hourly),Water Heater Usage [kW](Hourly),Class,Theft
1,14.64975748,0,0,7.4902,3.35988,0.02,FullServiceRestaurant,Normal
2,14.66956666,0,0,7.4902,3.35988,0.02,FullServiceRestaurant,Normal
3,14.67780801,0,0,7.4902,3.931931506,0.592051506,FullServiceRestaurant,Normal
4,14.8247939,0,0,7.4902,3.35988,0.02,FullServiceRestaurant,Normal
5,22.18264867,0.013197179,0,8.1892,130.5649421,0.592057441,FullServiceRestaurant,Normal
6,38.13184509,0.007371036,0,19.4245,140.4354538,5.768138785,FullServiceRestaurant,Normal
7,45.59727804,0.007450454,0,26.9147,135.4560171,5.193459464,FullServiceRestaurant,Normal
8,45.60364653,0,0,26.9147,145.5750769,5.768467288,FullServiceRestaurant,Normal
9,38.11376101,0,0,19.4245,147.6959009,5.767786783,FullServiceRestaurant,Normal
10,42.4352012,0.008012798,0,26.9147,177.5022984,18.05381301,FullServiceRestaurant,Normal
11,42.1437099,0,0,26.9147,176.3227494,18.63621145,FullServiceRestaurant,Normal
12,41.41962073,0,0,26.9147,167.5286575,14.51407826,FullServiceRestaurant,Normal
13,33.89704606,0,0,19.4245,158.680649,14.51365892,FullServiceRestaurant,Normal
14,33.89764389,0,0,19.4245,153.2839968,10.9957848,FullServiceRestaurant,Normal
15,36.00133359,0,0,19.4245,167.3348971,10.99799331,FullServiceRestaurant,Normal
16,45.54644716,0.005751574,0,26.9147,185.4351957,10.99756538,FullServiceRestaurant,Normal
17,45.55135973,0,0,26.9147,190.0373937,14.51360419,FullServiceRestaurant,Normal
18,45.55679431,0,0,26.9147,193.6670575,18.63739126,FullServiceRestaurant,Normal
19,38.19976737,0,0,19.4245,172.867008,18.0530836,FullServiceRestaurant,Normal
20,38.18202589,0,0,19.4245,167.0888198,14.5128824,FullServiceRestaurant,Normal
21,38.11299043,0,0,19.4245,174.8424699,18.05297083,FullServiceRestaurant,Normal
22,38.00435973,0,0,19.4245,169.5218912,15.09566753,FullServiceRestaurant,Normal
23,38.81510782,0,0,19.4245,153.8724665,7.505289457,FullServiceRestaurant,Normal
24,22.05446109,0,0,8.1892,158.0636608,6.929716124,FullServiceRestaurant,Normal
25,14.61348165,0,0,7.4902,3.931972005,0.592092005,FullServiceRestaurant,Normal
26,14.63021954,0,0,7.4902,3.35988,0.02,FullServiceRestaurant,Normal
27,14.64225703,0,0,7.4902,3.931926177,0.592046177,FullServiceRestaurant,Normal
28,14.79326476,0,0,7.4902,3.35988,0.02,FullServiceRestaurant,Normal
29,22.16287453,0.00586912,0,8.1892,165.2225549,0.59205212,FullServiceRestaurant,Normal
30,38.12403843,0.006969506,0,19.4245,171.638704,5.768088074,FullServiceRestaurant,Normal
31,45.59130406,0.008684217,0,26.9147,189.5961268,21.61712069,FullServiceRestaurant,Normal
32,45.60018698,0.002049974,0,26.9147,192.453198,19.83401869,FullServiceRestaurant,Normal
33,38.11355489,0,0,19.4245,178.9660884,16.2841175,FullServiceRestaurant,Normal
34,42.42681181,0.004028388,0,26.9147,195.3161303,15.09414337,FullServiceRestaurant,Normal
35,42.13807956,0,0,26.9147,185.9901069,16.27935186,FullServiceRestaurant,Normal
36,41.41885802,0,0,26.9147,173.9531982,14.51376999,FullServiceRestaurant,Normal
37,33.89487678,0,0,19.4245,168.9772849,12.75127732,FullServiceRestaurant,Normal
38,33.89353409,0,0,19.4245,162.3689302,10.99655325,FullServiceRestaurant,Normal
39,35.99896527,0,0,19.4245,174.3175435,10.99820167,FullServiceRestaurant,Normal
40,45.54288297,0.0057091,0,26.9147,192.6958765,10.9977273,FullServiceRestaurant,Normal
41,45.55042294,0.002341001,0,26.9147,190.2888654,15.09579892,FullServiceRestaurant,Normal
42,45.55970584,0.002424443,0,26.9147,190.8978942,19.83329437,FullServiceRestaurant,Normal
43,38.19937629,0,0,19.4245,187.1560961,21.61869838,FullServiceRestaurant,Normal
44,38.18017902,0,0,19.4245,191.5060019,18.63587479,FullServiceRestaurant,Normal
45,38.11129237,0,0,19.4245,189.5554903,19.83335007,FullServiceRestaurant,Normal
46,38.00343077,0,0,19.4245,178.0537288,16.28080574,FullServiceRestaurant,Normal
47,38.81433683,0,0,19.4245,162.3757213,9.249377207,FullServiceRestaurant,Normal
48,22.0555598,0.000951915,0,8.1892,153.1606649,7.506137518,FullServiceRestaurant,Normal
49,14.62144499,0,0,7.4902,3.931929473,0.592049473,FullServiceRestaurant,Normal
50,14.63714025,0,0,7.4902,3.35988,0.02,FullServiceRestaurant,Normal
51,14.64744586,0,0,7.4902,3.35988,0.02,FullServiceRestaurant,Normal
52,15.31087384,0,0,7.4902,3.931935412,0.592055412,FullServiceRestaurant,Normal
53,22.6740705,0.005506631,0,8.1892,170.2768836,0.02,FullServiceRestaurant,Normal
54,38.35214778,0.007299726,0,19.4245,170.2908228,5.767871315,FullServiceRestaurant,Normal
55,45.59394159,0.010799053,0,26.9147,183.2647914,21.62009808,FullServiceRestaurant,Normal
56,45.60033691,0.002015592,0,26.9147,193.3844543,20.417569,FullServiceRestaurant,Normal
57,38.11236754,0,0,19.4245,186.6928509,16.27967686,FullServiceRestaurant,Normal
58,42.42803138,0.006483035,0,26.9147,195.6006527,14.51354265,FullServiceRestaurant,Normal
59,42.13973312,0,0,26.9147,186.2199599,16.28204799,FullServiceRestaurant,Normal
60,41.41900818,0,0,26.9147,177.6944776,15.09425026,FullServiceRestaurant,Normal
61,33.8938921,0,0,19.4245,166.2937257,12.75402822,FullServiceRestaurant,Normal
62,33.89393116,0,0,19.4245,160.6770022,10.99697192,FullServiceRestaurant,Normal
63,35.99826583,0,0,19.4245,172.0279204,10.99768804,FullServiceRestaurant,Normal
64,45.54438433,0.007296008,0,26.9147,186.8834633,10.99893782,FullServiceRestaurant,Normal
65,45.54759359,0,0,26.9147,196.0417856,14.51439239,FullServiceRestaurant,Normal
66,45.55704561,0.002702419,0,26.9147,194.113786,20.41676361,FullServiceRestaurant,Normal
67,38.05862845,0,0,19.4245,172.4290553,21.61707756,FullServiceRestaurant,Normal
68,38.05087982,0,0,19.4245,167.0418972,18.05325655,FullServiceRestaurant,Normal
69,38.012042,0,0,19.4245,172.5909307,19.83451185,FullServiceRestaurant,Normal
70,38.00464428,0,0,19.4245,175.5826532,16.86112029,FullServiceRestaurant,Normal
71,38.81369771,0,0,19.4245,169.0380277,9.245879448,FullServiceRestaurant,Normal
72,34.45585039,0.001559293,0,18.99590833,155.5369105,11.85154369,FullServiceRestaurant,Theft5
73,34.97268778,0.001624264,0,19.44618785,154.8055224,12.03260786,FullServiceRestaurant,Theft5
74,35.8212493,0.001691941,0,19.94435401,161.1157575,12.53313319,FullServiceRestaurant,Theft5
75,36.70449049,0.001762439,0,20.46327709,167.6650838,13.0306784,FullServiceRestaurant,Theft5
76,37.62390506,0.001835874,0,21.00382197,174.5111339,13.57279,FullServiceRestaurant,Theft5
77,38.57529022,0.001912369,0,21.56688955,181.6424362,14.13748958,FullServiceRestaurant,Theft5
78,39.25916887,0.001748881,0,22.12429328,182.526366,14.70188111,FullServiceRestaurant,Theft5
79,39.3064615,0.001528574,0,22.23678467,183.1827772,15.07410164,FullServiceRestaurant,Theft5
80,39.04446108,0.00112953,0,22.04187153,183.2960979,14.80139191,FullServiceRestaurant,Theft5
81,38.77124452,0.001085151,0,21.83883701,183.2130829,14.59179581,FullServiceRestaurant,Theft5
82,38.79861305,0.001130365,0,21.93943439,183.5539878,14.49706456,FullServiceRestaurant,Theft5
83,38.64743911,0.001014305,0,21.73213165,183.0229385,14.49635443,FullServiceRestaurant,Theft5
84,38.50204287,0.001056567,0,21.51619131,182.5108698,14.42208572,FullServiceRestaurant,Theft5
85,38.38076895,0.001100591,0,21.29125344,182.2943931,14.41828691,FullServiceRestaurant,Theft5
86,38.56787972,0.001146449,0,21.36903484,182.5451778,14.48769547,FullServiceRestaurant,Theft5
87,38.76271844,0.001194218,0,21.45005712,183.0938822,14.6331174,FullServiceRestaurant,Theft5
88,38.9221081,0.001243977,0,21.53445534,182.8620138,14.76044761,FullServiceRestaurant,Theft5
89,38.64643409,0.001129722,0,21.31027847,181.8797273,14.91724387,FullServiceRestaurant,Theft5
90,38.35892925,0.001087296,0,21.07676091,180.8774067,14.93409821,FullServiceRestaurant,Theft5
91,38.05917368,0.001082575,0,20.83351345,179.7839662,14.72998249,FullServiceRestaurant,Theft5
92,38.05345203,0.001127683,0,20.89222234,179.0543745,14.44290471,FullServiceRestaurant,Theft5
93,38.04826224,0.001174669,0,20.95337744,178.2263391,14.26809486,FullServiceRestaurant,Theft5
94,38.04571587,0.001223614,0,21.01708067,177.511267,14.03613369,FullServiceRestaurant,Theft5
95,38.04754244,0.001274598,0,21.08343819,177.2861346,13.94254572,FullServiceRestaurant,Theft5
96,22.05215443,0,0,8.1892,164.4126992,7.505404616,FullServiceRestaurant,Normal
97,14.61544454,0,0,7.4902,3.931952515,0.592072515,FullServiceRestaurant,Normal
98,14.63490251,0,0,7.4902,3.35988,0.02,FullServiceRestaurant,Normal
99,14.64821386,0,0,7.4902,3.931932546,0.592052546,FullServiceRestaurant,Normal
100,14.79970713,0,0,7.4902,3.35988,0.02,FullServiceRestaurant,Normal
101,22.16670524,0.006426262,0,8.1892,148.2106036,0.02,FullServiceRestaurant,Normal
102,38.12665717,0.007180358,0,19.4245,155.3428913,5.768365244,FullServiceRestaurant,Normal
103,45.59701147,0.010959745,0,26.9147,172.2389941,22.20354186,FullServiceRestaurant,Normal
104,45.60298263,0.002116575,0,26.9147,179.6289272,19.83244555,FullServiceRestaurant,Normal
105,38.11544628,0,0,19.4245,169.7726448,16.2810997,FullServiceRestaurant,Normal
106,42.42847776,0.004033076,0,26.9147,187.24069,14.51455782,FullServiceRestaurant,Normal
107,42.13933543,0,0,26.9147,182.9021185,16.86708199,FullServiceRestaurant,Normal
108,41.41716686,0,0,26.9147,172.2823002,14.51365299,FullServiceRestaurant,Normal
109,33.89393433,0,0,19.4245,164.3998649,12.75290347,FullServiceRestaurant,Normal
110,33.89366966,0,0,19.4245,160.4391134,10.99782082,FullServiceRestaurant,Normal
111,34.93949367,0,0,19.4245,173.1782734,10.99705886,FullServiceRestaurant,Normal
112,45.54440461,0.007497133,0,26.9147,184.6712358,10.99750003,FullServiceRestaurant,Normal
113,45.55136872,0.002065764,0,26.9147,185.5006384,14.51453167,FullServiceRestaurant,Normal
114,45.55857178,0.002540849,0,26.9147,188.8487089,20.41957986,FullServiceRestaurant,Normal
115,38.20251764,0,0,19.4245,166.624044,21.61947631,FullServiceRestaurant,Normal
116,38.18763889,0,0,19.4245,159.3406424,18.05298685,FullServiceRestaurant,Normal
117,38.1160582,0,0,19.4245,164.8172449,20.41806856,FullServiceRestaurant,Normal
118,38.00758785,0,0,19.4245,152.4492071,16.27674898,FullServiceRestaurant,Normal
119,38.81888157,0,0,19.4245,134.0180886,9.246544063,FullServiceRestaurant,Normal
120,22.05215443,0,0,8.1892,164.4126992,7.505404616,FullServiceRestaurant,Theft6
121,14.61544454,0,0,7.4902,3.931952515,0.592072515,FullServiceRestaurant,Theft6
122,14.63490251,0,0,7.4902,3.35988,0.02,FullServiceRestaurant,Theft6
123,14.64821386,0,0,7.4902,3.931932546,0.592052546,FullServiceRestaurant,Theft6
124,14.79970713,0,0,7.4902,3.35988,0.02,FullServiceRestaurant,Theft6
125,22.16670524,0.006426262,0,8.1892,148.2106036,0.02,FullServiceRestaurant,Theft6
126,38.12665717,0.007180358,0,19.4245,155.3428913,5.768365244,FullServiceRestaurant,Theft6
127,45.59701147,0.010959745,0,26.9147,172.2389941,22.20354186,FullServiceRestaurant,Theft6
128,45.60298263,0.002116575,0,26.9147,179.6289272,19.83244555,FullServiceRestaurant,Theft6
129,38.11544628,0,0,19.4245,169.7726448,16.2810997,FullServiceRestaurant,Theft6
130,42.42847776,0.004033076,0,26.9147,187.24069,14.51455782,FullServiceRestaurant,Theft6
131,42.13933543,0,0,26.9147,182.9021185,16.86708199,FullServiceRestaurant,Theft6
132,41.41716686,0,0,26.9147,172.2823002,14.51365299,FullServiceRestaurant,Theft6
133,33.89393433,0,0,19.4245,164.3998649,12.75290347,FullServiceRestaurant,Theft6
134,33.89366966,0,0,19.4245,160.4391134,10.99782082,FullServiceRestaurant,Theft6
135,34.93949367,0,0,19.4245,173.1782734,10.99705886,FullServiceRestaurant,Theft6
136,45.54440461,0.007497133,0,26.9147,184.6712358,10.99750003,FullServiceRestaurant,Theft6
137,45.55136872,0.002065764,0,26.9147,185.5006384,14.51453167,FullServiceRestaurant,Theft6
138,45.55857178,0.002540849,0,26.9147,188.8487089,20.41957986,FullServiceRestaurant,Theft6
139,38.20251764,0,0,19.4245,166.624044,21.61947631,FullServiceRestaurant,Theft6
140,38.18763889,0,0,19.4245,159.3406424,18.05298685,FullServiceRestaurant,Theft6
141,38.1160582,0,0,19.4245,164.8172449,20.41806856,FullServiceRestaurant,Theft6
142,38.00758785,0,0,19.4245,152.4492071,16.27674898,FullServiceRestaurant,Theft6
143,38.81888157,0,0,19.4245,134.0180886,9.246544063,FullServiceRestaurant,Theft6
144,22.06140225,0,0,8.1892,135.1200153,7.504635969,FullServiceRestaurant,Normal
145,14.62144309,0,0,7.4902,3.931970409,0.592090409,FullServiceRestaurant,Normal
146,14.63852964,0,0,7.4902,3.35988,0.02,FullServiceRestaurant,Normal
147,14.65109231,0,0,7.4902,3.931976282,0.592096282,FullServiceRestaurant,Normal
148,14.8020583,0,0,7.4902,3.35988,0.02,FullServiceRestaurant,Normal
149,22.17314481,0.011879117,0,8.1892,144.6109689,0.592050442,FullServiceRestaurant,Normal
150,38.12890419,0.007101682,0,19.4245,152.287194,5.193800655,FullServiceRestaurant,Normal
151,45.59040547,0.007105101,0,26.9147,149.0105628,5.767829656,FullServiceRestaurant,Normal
152,45.59496051,0,0,26.9147,156.444678,5.768472943,FullServiceRestaurant,Normal
153,38.11708111,0.00349465,0,19.4245,166.4639047,18.05312524,FullServiceRestaurant,Normal
154,42.43087475,0.004024432,0,26.9147,188.6806148,16.28455823,FullServiceRestaurant,Normal
155,42.14146275,0,0,26.9147,183.1613489,18.63902493,FullServiceRestaurant,Normal
156,41.41843014,0,0,26.9147,177.0373802,18.05552534,FullServiceRestaurant,Normal
157,33.89538891,0,0,19.4245,168.8237131,16.28182949,FullServiceRestaurant,Normal
158,33.89673428,0,0,19.4245,162.6749771,14.51346634,FullServiceRestaurant,Normal
159,34.94328572,0,0,19.4245,174.1036347,15.09457563,FullServiceRestaurant,Normal
160,45.54650534,0.006441933,0,26.9147,189.497276,12.75360839,FullServiceRestaurant,Normal
161,45.5494571,0,0,26.9147,192.0259678,14.51405633,FullServiceRestaurant,Normal
162,45.5581074,0.002676017,0,26.9147,187.2094001,19.83206406,FullServiceRestaurant,Normal
163,38.20208121,0,0,19.4245,168.6584283,20.4180972,FullServiceRestaurant,Normal
164,38.18421209,0,0,19.4245,169.641976,18.05622485,FullServiceRestaurant,Normal
165,38.11655502,0,0,19.4245,163.2483753,19.83254139,FullServiceRestaurant,Normal
166,38.00840217,0,0,19.4245,153.4202327,14.51291426,FullServiceRestaurant,Normal
167,38.81825633,0,0,19.4245,153.302911,11.57590652,FullServiceRestaurant,Normal
168,22.05823483,0,0,8.1892,157.8679937,9.24447751,FullServiceRestaurant,Normal
169,14.61688497,0,0,7.4902,3.35988,0.02,FullServiceRestaurant,Normal
170,14.63303485,0,0,7.4902,3.35988,0.02,FullServiceRestaurant,Normal
171,14.64604499,0,0,7.4902,3.931939159,0.592059159,FullServiceRestaurant,Normal
172,14.79661486,0,0,7.4902,3.35988,0.02,FullServiceRestaurant,Normal
173,22.16710437,0.010926119,0,8.1892,165.2707158,0.592065081,FullServiceRestaurant,Normal
174,38.12449569,0.007019416,0,19.4245,172.3830776,5.768215964,FullServiceRestaurant,Normal
175,45.58640922,0.007135348,0,26.9147,166.2865207,5.193527991,FullServiceRestaurant,Normal
176,45.59133215,0,0,26.9147,173.31265,5.768542455,FullServiceRestaurant,Normal
177,38.10612647,0,0,19.4245,173.984635,5.767861305,FullServiceRestaurant,Normal
178,42.427558,0.007915078,0,26.9147,202.4667726,18.05404197,FullServiceRestaurant,Normal
179,42.13857849,0,0,26.9147,199.0551155,18.63643877,FullServiceRestaurant,Normal
180,41.41285424,0,0,26.9147,189.5167986,14.51425114,FullServiceRestaurant,Normal
181,33.88955943,0,0,19.4245,184.0114261,14.5138271,FullServiceRestaurant,Normal
182,33.89094128,0,0,19.4245,178.4980924,10.99650089,FullServiceRestaurant,Normal
183,34.93633769,0,0,19.4245,189.8096487,10.99722665,FullServiceRestaurant,Normal
184,45.54073415,0.007087751,0,26.9147,207.1216514,10.9973569,FullServiceRestaurant,Normal
185,45.54623112,0.00217445,0,26.9147,210.1025886,14.51282546,FullServiceRestaurant,Normal
186,45.54984276,0,0,26.9147,209.890166,18.63830781,FullServiceRestaurant,Normal
187,38.19513295,0,0,19.4245,190.4981959,18.05327349,FullServiceRestaurant,Normal
188,38.17771658,0,0,19.4245,183.3913827,14.51303069,FullServiceRestaurant,Normal
189,38.10983395,0,0,19.4245,186.5335841,18.05315021,FullServiceRestaurant,Normal
190,38.00164898,0,0,19.4245,180.8930315,15.09581232,FullServiceRestaurant,Normal
191,38.81251482,0,0,19.4245,165.9818737,7.505360166,FullServiceRestaurant,Normal
192,22.05216698,0,0,8.1892,168.9322344,7.08237433,FullServiceRestaurant,Normal
193,14.60744234,0,0,7.4902,3.780287052,0.440407052,FullServiceRestaurant,Normal
194,14.6225422,0,0,7.4902,3.35988,0.02,FullServiceRestaurant,Normal
195,14.63582688,0,0,7.4902,3.931930594,0.592050594,FullServiceRestaurant,Normal
196,14.78685851,0,0,7.4902,3.35988,0.02,FullServiceRestaurant,Normal
197,22.15875073,0.005324811,0,8.1892,172.6463859,0.592056529,FullServiceRestaurant,Normal
198,38.12181321,0.006998812,0,19.4245,178.8650429,5.768133952,FullServiceRestaurant,Normal
199,45.58960214,0.008828359,0,26.9147,195.4133859,21.61892745,FullServiceRestaurant,Normal
200,45.59670286,0,0,26.9147,204.8935861,19.83456161,FullServiceRestaurant,Normal
201,38.11076644,0,0,19.4245,194.2141586,16.28418674,FullServiceRestaurant,Normal
202,42.42371065,0.004027554,0,26.9147,211.1759385,15.09420483,FullServiceRestaurant,Normal
203,42.13504834,0,0,26.9147,207.0195718,16.27735921,FullServiceRestaurant,Normal
204,41.41089481,0,0,26.9147,196.5611118,14.51310941,FullServiceRestaurant,Normal
205,33.88815884,0,0,19.4245,187.8855885,12.75138236,FullServiceRestaurant,Normal
206,33.88913751,0,0,19.4245,179.6226783,10.99664185,FullServiceRestaurant,Normal
207,34.93571117,0,0,19.4245,188.3744747,10.9973652,FullServiceRestaurant,Normal
208,45.54073992,0.007309366,0,26.9147,201.9789494,10.99749276,FullServiceRestaurant,Normal
209,45.54457248,0,0,26.9147,206.5149351,15.09593993,FullServiceRestaurant,Normal
210,45.55330103,0.002715168,0,26.9147,206.5975341,19.83486391,FullServiceRestaurant,Normal
211,38.19683744,0,0,19.4245,193.4750342,21.61867727,FullServiceRestaurant,Normal
212,38.17943163,0,0,19.4245,189.7938057,18.63667828,FullServiceRestaurant,Normal
213,38.11101405,0,0,19.4245,190.9962618,19.83344099,FullServiceRestaurant,Normal
214,38.00227498,0,0,19.4245,184.2503693,16.280878,FullServiceRestaurant,Normal
215,38.81308105,0,0,19.4245,169.3431173,9.249417219,FullServiceRestaurant,Normal
216,34.48987554,0.00154546,0,18.99590833,164.7598166,11.87541413,FullServiceRestaurant,Theft5
217,35.00814361,0.001609854,0,19.44618785,164.2589305,12.05746651,FullServiceRestaurant,Theft5
218,35.85808839,0.001676931,0,19.94435401,170.9392221,12.53519211,FullServiceRestaurant,Theft5
219,36.74280048,0.001746804,0,20.46327709,177.9216947,13.05665844,FullServiceRestaurant,Theft5
220,37.66395829,0.001819587,0,21.00382197,185.1951036,13.59985255,FullServiceRestaurant,Theft5
221,38.59574757,0.001895403,0,21.56688955,192.7477355,14.14184398,FullServiceRestaurant,Theft5
222,39.25938957,0.00172896,0,22.12429328,192.9836842,14.73025415,FullServiceRestaurant,Theft5
223,39.29740311,0.001505812,0,22.23678467,192.9595663,15.10368564,FullServiceRestaurant,Theft5
224,39.03526838,0.00110267,0,22.04187153,192.3125579,14.83216442,FullServiceRestaurant,Theft5
225,38.76189615,0.001047973,0,21.83883701,191.6350918,14.59943557,FullServiceRestaurant,Theft5
226,38.78906532,0.001091639,0,21.93943439,191.6129133,14.52942267,FullServiceRestaurant,Theft5
227,38.63763739,0.000967779,0,21.73213165,190.9648146,14.53007268,FullServiceRestaurant,Theft5
228,38.49191275,0.001008103,0,21.51619131,190.5985253,14.45708074,FullServiceRestaurant,Theft5
229,38.37016368,0.001050107,0,21.29125344,190.5370825,14.43056721,FullServiceRestaurant,Theft5
230,38.55690238,0.001093862,0,21.36903484,190.8137793,14.50046616,FullServiceRestaurant,Theft5
231,38.75139377,0.001139439,0,21.45005712,191.2993785,14.64644181,FullServiceRestaurant,Theft5
232,38.91040785,0.001186916,0,21.53445534,191.2127634,14.79850388,FullServiceRestaurant,Theft5
233,38.63434053,0.001077053,0,21.31027847,190.1738737,14.95685841,FullServiceRestaurant,Theft5
234,38.34652555,0.00112193,0,21.07676091,188.9172883,14.97529116,FullServiceRestaurant,Theft5
235,38.04636722,0.001059012,0,20.83351345,187.5932251,14.74850334,FullServiceRestaurant,Theft5
236,38.04618701,0.001103137,0,20.89222234,186.807855,14.4623058,FullServiceRestaurant,Theft5
237,38.04632736,0.001149101,0,20.95337744,186.328673,14.31273361,FullServiceRestaurant,Theft5
238,38.0480035,0.001196981,0,21.01708067,186.0170159,14.08268571,FullServiceRestaurant,Theft5
239,38.04996357,0.001246855,0,21.08343819,186.0623199,13.96703844,FullServiceRestaurant,Theft5
240,22.04916461,0,0,8.1892,178.5797118,7.506117531,FullServiceRestaurant,Normal
241,14.60338461,0,0,7.4902,3.35988,0.02,FullServiceRestaurant,Normal
242,14.6183875,0,0,7.4902,3.931936624,0.592056624,FullServiceRestaurant,Normal
243,14.63126645,0,0,7.4902,3.35988,0.02,FullServiceRestaurant,Normal
244,14.78123691,0,0,7.4902,3.35988,0.02,FullServiceRestaurant,Normal
245,22.15533355,0.006318307,0,8.1892,187.9584203,0.592088405,FullServiceRestaurant,Normal
246,38.11738188,0.006860275,0,19.4245,198.0208813,5.76833814,FullServiceRestaurant,Normal
247,45.58650832,0.011092605,0,26.9147,217.0881422,21.61946176,FullServiceRestaurant,Normal
248,45.59331529,0.00227296,0,26.9147,220.7183436,19.83198844,FullServiceRestaurant,Normal
249,38.10632866,0,0,19.4245,207.1155423,16.86344941,FullServiceRestaurant,Normal
250,42.42000137,0.004130166,0,26.9147,218.3161291,14.51334498,FullServiceRestaurant,Normal
251,42.13249919,0,0,26.9147,209.1263293,16.28160893,FullServiceRestaurant,Normal
252,41.41053459,0,0,26.9147,198.2652517,14.51357464,FullServiceRestaurant,Normal
253,33.88592548,0,0,19.4245,189.1804807,12.75266954,FullServiceRestaurant,Normal
254,33.886826,0,0,19.4245,184.2731161,10.99772773,FullServiceRestaurant,Normal
255,34.93293658,0,0,19.4245,197.5248655,11.57662068,FullServiceRestaurant,Normal
256,45.53657581,0.005890268,0,26.9147,209.965457,10.99666724,FullServiceRestaurant,Normal
257,45.54383385,0.002136328,0,26.9147,210.0718323,14.51149658,FullServiceRestaurant,Normal
258,45.55035957,0.002583658,0,26.9147,212.1708411,19.83277805,FullServiceRestaurant,Normal
259,38.19359753,0,0,19.4245,200.7421426,21.62103668,FullServiceRestaurant,Normal
260,38.1761745,0,0,19.4245,198.4569003,18.6386322,FullServiceRestaurant,Normal
261,38.10834781,0,0,19.4245,191.7939398,19.83546483,FullServiceRestaurant,Normal
262,38.00127209,0,0,19.4245,178.513415,16.28248473,FullServiceRestaurant,Normal
263,38.8120073,0,0,19.4245,168.6489564,9.250306907,FullServiceRestaurant,Normal
264,22.05071846,0,0,8.1892,170.5879265,7.504353508,FullServiceRestaurant,Normal
265,14.60501741,0,0,7.4902,3.931935109,0.592055109,FullServiceRestaurant,Normal
266,14.61967752,0,0,7.4902,3.35988,0.02,FullServiceRestaurant,Normal
267,14.63276062,0,0,7.4902,3.931941039,0.592061039,FullServiceRestaurant,Normal
268,14.78375854,0,0,7.4902,3.35988,0.02,FullServiceRestaurant,Normal
269,22.157403,0.006205202,0,8.1892,179.0048172,0.02,FullServiceRestaurant,Normal
270,38.11970382,0.007061554,0,19.4245,184.8531391,5.768451694,FullServiceRestaurant,Normal
271,45.58937812,0.010813812,0,26.9147,200.9599951,22.2038677,FullServiceRestaurant,Normal
272,45.59595883,0.002071766,0,26.9147,206.9129543,19.83272757,FullServiceRestaurant,Normal
273,38.10873959,0,0,19.4245,196.1078184,16.28132357,FullServiceRestaurant,Normal
274,0,0,0,0,0,0,FullServiceRestaurant,Theft2
275,0,0,0,0,0,0,FullServiceRestaurant,Theft2
276,0,0,0,0,0,0,FullServiceRestaurant,Theft2
277,0,0,0,0,0,0,FullServiceRestaurant,Theft2
278,0,0,0,0,0,0,FullServiceRestaurant,Theft2
279,0,0,0,0,0,0,FullServiceRestaurant,Theft2
280,0,0,0,0,0,0,FullServiceRestaurant,Theft2
281,0,0,0,0,0,0,FullServiceRestaurant,Theft2
282,0,0,0,0,0,0,FullServiceRestaurant,Theft2
283,0,0,0,0,0,0,FullServiceRestaurant,Theft2
284,0,0,0,0,0,0,FullServiceRestaurant,Theft2
285,0,0,0,0,0,0,FullServiceRestaurant,Theft2
286,0,0,0,0,0,0,FullServiceRestaurant,Theft2
287,38.81149364,0,0,19.4245,171.1076353,9.246702187,FullServiceRestaurant,Normal
288,22.05076434,0,0,8.1892,172.122664,7.506657362,FullServiceRestaurant,Normal
289,14.60466067,0,0,7.4902,3.35988,0.02,FullServiceRestaurant,Normal
290,14.61892107,0,0,7.4902,3.931874163,0.591994163,FullServiceRestaurant,Normal
291,14.63133462,0,0,7.4902,3.35988,0.02,FullServiceRestaurant,Normal
292,15.29837596,0,0,7.4902,3.931930662,0.592050662,FullServiceRestaurant,Normal
293,22.66893134,0.00634002,0,8.1892,179.2396782,0.02,FullServiceRestaurant,Normal
294,38.34828054,0.00700492,0,19.4245,183.9745217,5.768744084,FullServiceRestaurant,Normal
295,45.58989483,0.011101027,0,26.9147,197.564194,21.62094928,FullServiceRestaurant,Normal
296,45.59680593,0.002139001,0,26.9147,202.3289402,19.83331006,FullServiceRestaurant,Normal
297,38.1095591,0,0,19.4245,192.0878008,16.86112967,FullServiceRestaurant,Normal
298,41.36347178,0.003943182,0,26.9147,211.438935,14.51231415,FullServiceRestaurant,Normal
299,42.13393718,0,0,26.9147,203.3506504,16.28093076,FullServiceRestaurant,Normal
300,41.41206114,0,0,26.9147,191.9579375,14.5136101,FullServiceRestaurant,Normal
301,33.88823394,0,0,19.4245,183.4456793,12.753026,FullServiceRestaurant,Normal
302,33.88909253,0,0,19.4245,177.6162125,11.57614782,FullServiceRestaurant,Normal
303,33.87700233,0,0,19.4245,188.9335956,10.99807594,FullServiceRestaurant,Normal
304,45.53768404,0.003989711,0,26.9147,203.8467085,10.99769799,FullServiceRestaurant,Normal
305,45.54439257,0,0,26.9147,204.964009,14.5134514,FullServiceRestaurant,Normal
306,45.55261118,0.001176941,0,26.9147,208.428818,19.83454034,FullServiceRestaurant,Normal
307,38.05328737,0,0,19.4245,194.1669279,22.20162889,FullServiceRestaurant,Normal
308,38.0448961,0,0,19.4245,191.1676029,18.05454453,FullServiceRestaurant,Normal
309,38.00695814,0,0,19.4245,191.4005605,19.83267835,FullServiceRestaurant,Normal
310,38.00194565,0,0,19.4245,180.5630419,16.28371537,FullServiceRestaurant,Normal
311,38.81277586,0,0,19.4245,167.6454455,9.250987858,FullServiceRestaurant,Normal
312,22.05185362,0,0,8.1892,166.4344492,7.504434832,FullServiceRestaurant,Normal
313,14.60751019,0,0,7.4902,3.931976139,0.592096139,FullServiceRestaurant,Normal
314,14.62317977,0,0,7.4902,3.35988,0.02,FullServiceRestaurant,Normal
315,14.63618328,0,0,7.4902,3.931930301,0.592050301,FullServiceRestaurant,Normal
316,14.7871676,0,0,7.4902,3.35988,0.02,FullServiceRestaurant,Normal
317,22.16121212,0.01056771,0,8.1892,171.5353911,0.592056237,FullServiceRestaurant,Normal
318,38.12286004,0.00855197,0,19.4245,176.515761,5.193855851,FullServiceRestaurant,Normal
319,45.58259834,0.006909486,0,26.9147,176.8213722,5.767891047,FullServiceRestaurant,Normal
320,45.58650641,0,0,26.9147,190.097914,5.767367465,FullServiceRestaurant,Normal
321,38.10868721,0.003842763,0,19.4245,196.8267635,18.05335044,FullServiceRestaurant,Normal
322,41.36648729,0.005246907,0,26.9147,209.295428,16.41765709,FullServiceRestaurant,Normal
323,42.13685693,0,0,26.9147,200.4993284,18.50062203,FullServiceRestaurant,Normal
324,41.41414651,0,0,26.9147,192.5127195,18.05538987,FullServiceRestaurant,Normal
325,33.89176958,0,0,19.4245,184.5443334,16.28222212,FullServiceRestaurant,Normal
326,33.89205438,0,0,19.4245,175.3834045,15.09365166,FullServiceRestaurant,Normal
327,33.88090599,0,0,19.4245,178.9478339,14.51332183,FullServiceRestaurant,Normal
328,45.54445167,0.006669103,0,26.9147,190.7971184,12.75393015,FullServiceRestaurant,Normal
329,45.54786157,0,0,26.9147,190.7889704,14.51441467,FullServiceRestaurant,Normal
330,45.55716143,0.002748398,0,26.9147,185.3121177,19.8325396,FullServiceRestaurant,Normal
331,38.20168694,0,0,19.4245,163.8273025,20.41492342,FullServiceRestaurant,Normal
332,38.18435242,0,0,19.4245,164.5231851,18.05462627,FullServiceRestaurant,Normal
333,38.11632544,0,0,19.4245,159.0848109,19.83097162,FullServiceRestaurant,Normal
334,38.00849243,0,0,19.4245,146.3152154,14.51341413,FullServiceRestaurant,Normal
335,38.81910194,0,0,19.4245,138.5299462,11.57629426,FullServiceRestaurant,Normal
336,22.06063546,0,0,8.1892,140.7732055,9.245574965,FullServiceRestaurant,Normal
337,14.62197957,0,0,7.4902,3.35988,0.02,FullServiceRestaurant,Normal
338,14.63995194,0,0,7.4902,3.35988,0.02,FullServiceRestaurant,Normal
339,14.65348404,0,0,7.4902,3.931956319,0.592076319,FullServiceRestaurant,Normal
340,14.80458912,0,0,7.4902,3.35988,0.02,FullServiceRestaurant,Normal
341,22.17370208,0.012194826,0,8.1892,139.6728025,0.592082214,FullServiceRestaurant,Normal
342,38.13094832,0.008964951,0,19.4245,146.1507134,5.76839297,FullServiceRestaurant,Normal
343,45.59144416,0.007279627,0,26.9147,141.6537063,5.192522797,FullServiceRestaurant,Normal
344,45.59923186,0.002147074,0,26.9147,146.701316,5.76872821,FullServiceRestaurant,Normal
345,38.11263663,0,0,19.4245,143.9934713,5.768045929,FullServiceRestaurant,Normal
346,41.3763886,0.008305721,0,26.9147,171.4801096,18.05080474,FullServiceRestaurant,Normal
347,42.14442761,0,0,26.9147,169.6384415,18.63712691,FullServiceRestaurant,Normal
348,41.42133349,0,0,26.9147,161.065103,14.51172907,FullServiceRestaurant,Normal
349,33.89811533,0,0,19.4245,152.5271784,14.51441325,FullServiceRestaurant,Normal
350,33.89918006,0,0,19.4245,141.0689561,10.99693508,FullServiceRestaurant,Normal
351,33.8867243,0,0,19.4245,148.2411394,10.99765229,FullServiceRestaurant,Normal
352,45.55313718,0.007712126,0,26.9147,163.124729,10.99562001,FullServiceRestaurant,Normal
353,45.55967321,0.002413315,0,26.9147,163.691274,14.51341865,FullServiceRestaurant,Normal
354,45.56496718,0,0,26.9147,162.4413185,18.63904399,FullServiceRestaurant,Normal
355,38.21007938,0,0,19.4245,144.345946,18.05396774,FullServiceRestaurant,Normal
356,38.19331312,0,0,19.4245,138.278333,14.51357226,FullServiceRestaurant,Normal
357,38.12363052,0,0,19.4245,138.956919,18.63540471,FullServiceRestaurant,Normal
358,38.01325248,0,0,19.4245,128.9378478,14.51346302,FullServiceRestaurant,Normal
359,38.82322672,0,0,19.4245,113.8023621,7.505636706,FullServiceRestaurant,Normal
360,13.81680571,0,0,5.127805848,74.01146451,5.789651692,FullServiceRestaurant,Theft3
361,10.66424518,0,0,5.457592852,2.448113144,0.014572622,FullServiceRestaurant,Theft3
362,3.932688218,0,0,2.009774814,1.055020443,0.158861901,FullServiceRestaurant,Theft3
363,10.72747654,0,0,5.476971562,2.456805855,0.014624367,FullServiceRestaurant,Theft3
364,3.023909562,0,0,1.528030229,0.685428721,0.004080079,FullServiceRestaurant,Theft3
365,8.249713524,0.004198242,0,3.045362333,43.81159135,0.22018121,FullServiceRestaurant,Theft3
366,16.34974079,0.00329405,0,8.327635527,54.98267361,2.473005799,FullServiceRestaurant,Theft3
367,20.59648784,0.003568029,0,12.15584005,55.9454825,2.60493078,FullServiceRestaurant,Theft3
368,33.39733343,0,0,19.70788071,95.11410296,3.802576028,FullServiceRestaurant,Theft3
369,29.47979596,0,0,15.02104259,100.1189854,4.46029218,FullServiceRestaurant,Theft3
370,30.33918576,0.00641633,0,19.73016364,113.9144779,13.23312861,FullServiceRestaurant,Theft3
371,8.172866676,0,0,5.218170509,29.89669073,3.613554955,FullServiceRestaurant,Theft3
372,7.562229398,0,0,4.912531198,26.74101262,2.648873746,FullServiceRestaurant,Theft3
373,8.884308465,0,0,5.089260187,35.7253485,3.802238565,FullServiceRestaurant,Theft3
374,24.61712832,0,0,14.10146823,90.95022906,7.983870605,FullServiceRestaurant,Theft3
375,10.04221899,0,0,5.754675223,39.96431613,3.257966585,FullServiceRestaurant,Theft3
376,36.29999234,0.006537297,0,21.44238793,118.8195286,8.760423655,FullServiceRestaurant,Theft3
377,9.729683389,0.000517863,0,5.7466195,32.22277359,3.222791915,FullServiceRestaurant,Theft3
378,18.85350938,0,0,11.13416964,60.61727288,7.469008647,FullServiceRestaurant,Theft3
379,28.03310049,0,0,14.24718121,93.34400306,13.24283433,FullServiceRestaurant,Theft3
380,30.40946416,0,0,15.46204958,97.54303957,11.55366702,FullServiceRestaurant,Theft3
381,29.34384347,0,0,14.94761863,96.69811433,14.34129481,FullServiceRestaurant,Theft3
382,23.31064121,0,0,11.90933761,72.47718314,8.898047781,FullServiceRestaurant,Theft3
383,28.70996031,0,0,14.3626538,79.0971186,5.550082231,FullServiceRestaurant,Theft3
384,22.06816433,0,0,8.1892,108.4120225,7.505654931,FullServiceRestaurant,Normal
385,14.64370556,0,0,7.4902,3.35988,0.02,FullServiceRestaurant,Normal
386,14.66603105,0,0,7.4902,3.931956884,0.592076884,FullServiceRestaurant,Normal
387,14.67806224,0,0,7.4902,3.35988,0.02,FullServiceRestaurant,Normal
388,15.34348871,0,0,7.4902,3.35988,0.02,FullServiceRestaurant,Normal
389,22.69667413,0.005213002,0,8.1892,120.5068359,0.5920957,FullServiceRestaurant,Normal
390,38.36723593,0.007822631,0,19.4245,126.9731535,5.768280816,FullServiceRestaurant,Normal
391,45.61192293,0.009383193,0,26.9147,145.1372907,21.61925206,FullServiceRestaurant,Normal
392,45.61652208,0,0,26.9147,155.0536996,19.83180206,FullServiceRestaurant,Normal
393,38.12868352,0,0,19.4245,145.7526044,16.86411416,FullServiceRestaurant,Normal
394,41.38468153,0.004295096,0,26.9147,161.2778162,14.51319369,FullServiceRestaurant,Normal
395,42.15607249,0,0,26.9147,154.1176574,16.28303497,FullServiceRestaurant,Normal
396,41.43717799,0,0,26.9147,144.598224,14.51400794,FullServiceRestaurant,Normal
397,33.91225127,0,0,19.4245,136.3399851,12.75249606,FullServiceRestaurant,Normal
398,33.91182539,0,0,19.4245,128.4907224,10.99758143,FullServiceRestaurant,Normal
399,33.89950882,0,0,19.4245,138.590251,11.57591538,FullServiceRestaurant,Normal
400,45.56664634,0.008277654,0,26.9147,149.9738824,10.99711951,FullServiceRestaurant,Normal
401,45.57406606,0.002567293,0,26.9147,145.7797864,14.51304851,FullServiceRestaurant,Normal
402,45.58432948,0.002989401,0,26.9147,142.0226497,19.83246379,FullServiceRestaurant,Normal
403,38.08590875,0,0,19.4245,125.9753735,21.62070632,FullServiceRestaurant,Normal
404,38.07828834,0,0,19.4245,120.4840405,18.63835917,FullServiceRestaurant,Normal
405,38.03696909,0,0,19.4245,120.3032938,19.83518204,FullServiceRestaurant,Normal
406,38.02881378,0,0,19.4245,111.238128,16.28226022,FullServiceRestaurant,Normal
407,38.8373625,0,0,19.4245,99.92641251,9.250182589,FullServiceRestaurant,Normal
408,22.07525081,0,0,8.1892,101.8136592,7.505975794,FullServiceRestaurant,Normal
409,14.6504237,0,0,7.4902,3.931926157,0.592046157,FullServiceRestaurant,Normal
410,14.67424501,0,0,7.4902,3.35988,0.02,FullServiceRestaurant,Normal
411,14.68786938,0,0,7.4902,3.931932101,0.592052101,FullServiceRestaurant,Normal
412,14.83984377,0,0,7.4902,3.35988,0.02,FullServiceRestaurant,Normal
413,22.19084169,0.001993039,0,8.1892,99.61096072,0.02,FullServiceRestaurant,Normal
414,38.15157851,0.008309834,0,19.4245,108.2851333,5.768361409,FullServiceRestaurant,Normal
415,45.6279596,0.012764983,0,26.9147,124.4316988,22.20352957,FullServiceRestaurant,Normal
416,45.63442632,0.002655114,0,26.9147,129.8096966,19.83243446,FullServiceRestaurant,Normal
417,38.14594884,0,0,19.4245,119.0362215,16.28109088,FullServiceRestaurant,Normal
418,41.40156338,0.004732639,0,26.9147,135.1518013,14.51476671,FullServiceRestaurant,Normal
419,42.17202439,0,0,26.9147,128.5549765,16.86413181,FullServiceRestaurant,Normal
420,41.46376111,0,0,26.9147,115.5761935,14.51270805,FullServiceRestaurant,Normal
421,33.94671406,0,0,19.4245,105.1455072,12.75243074,FullServiceRestaurant,Normal
422,33.93987796,0,0,19.4245,103.2185587,10.99790205,FullServiceRestaurant,Normal
423,33.9158115,0,0,19.4245,119.3662521,10.99631974,FullServiceRestaurant,Normal
424,44.52002021,0.008617251,0,26.9147,134.6349497,10.99759613,FullServiceRestaurant,Normal
425,45.58482746,0.002579145,0,26.9147,132.6601444,14.5146558,FullServiceRestaurant,Normal
426,45.59317638,0.002886825,0,26.9147,133.4476749,20.41974838,FullServiceRestaurant,Normal
427,38.25034804,0,0,19.4245,111.0574148,21.61964892,FullServiceRestaurant,Normal
428,38.25517039,0,0,19.4245,99.06926741,18.05286606,FullServiceRestaurant,Normal
429,38.18836761,0,0,19.4245,96.34072236,20.41687773,FullServiceRestaurant,Normal
430,38.07537232,0,0,19.4245,87.80801383,16.27588173,FullServiceRestaurant,Normal
431,38.86239621,0,0,19.4245,76.64787776,9.246650203,FullServiceRestaurant,Normal
432,22.11874897,0,0,8.1892,77.3984732,7.506232731,FullServiceRestaurant,Normal
433,14.70013333,0,0,7.4902,3.35988,0.02,FullServiceRestaurant,Normal
434,14.72722415,0,0,7.4902,3.931973552,0.592093552,FullServiceRestaurant,Normal
435,14.73826137,0,0,7.4902,3.35988,0.02,FullServiceRestaurant,Normal
436,14.88831516,0,0,7.4902,3.9319277,0.5920477,FullServiceRestaurant,Normal
437,22.23312713,0,0,8.1892,77.26288667,0.02,FullServiceRestaurant,Normal
438,38.19433401,0.009120781,0,19.4245,86.25895566,5.768714529,FullServiceRestaurant,Normal
439,45.67311885,0.014106038,0,26.9147,100.7630071,21.62084225,FullServiceRestaurant,Normal
440,45.67315231,0.002769968,0,26.9147,108.8232659,19.8332147,FullServiceRestaurant,Normal
441,38.1823832,0,0,19.4245,100.3944975,16.86105175,FullServiceRestaurant,Normal
442,41.43600254,0.005061268,0,26.9147,117.2027129,14.51224856,FullServiceRestaurant,Normal
443,42.18527412,0,0,26.9147,112.2625887,16.28018735,FullServiceRestaurant,Normal
444,41.48642751,0,0,26.9147,101.952678,14.51445589,FullServiceRestaurant,Normal
445,33.96232274,0,0,19.4245,95.72362779,12.75350973,FullServiceRestaurant,Normal
446,33.96268559,0,0,19.4245,91.91836447,11.57607305,FullServiceRestaurant,Normal
447,33.94716593,0,0,19.4245,104.867073,10.99690105,FullServiceRestaurant,Normal
448,44.55286879,0.008970777,0,26.9147,121.5173319,10.99798318,FullServiceRestaurant,Normal
449,45.61651644,0.002674874,0,26.9147,120.319639,14.51242613,FullServiceRestaurant,Normal
450,45.62714724,0.003174396,0,26.9147,117.5700655,19.83401162,FullServiceRestaurant,Normal
451,38.25273895,0,0,19.4245,110.7831235,22.20007508,FullServiceRestaurant,Normal
452,38.22451927,0,0,19.4245,110.8499685,18.05453138,FullServiceRestaurant,Normal
453,38.15531145,0,0,19.4245,109.3527335,19.83266419,FullServiceRestaurant,Normal
454,38.04960141,0,0,19.4245,98.55692051,16.28370407,FullServiceRestaurant,Normal
455,38.84909888,0,0,19.4245,85.70606301,9.250981613,FullServiceRestaurant,Normal
456,22.098284,0,0,8.1892,85.30332747,7.504649119,FullServiceRestaurant,Normal
457,14.67913661,0,0,7.4902,3.93197583,0.59209583,FullServiceRestaurant,Normal
458,14.70389979,0,0,7.4902,3.35988,0.02,FullServiceRestaurant,Normal
459,0,0,0,0,0,0,FullServiceRestaurant,Theft2
460,0,0,0,0,0,0,FullServiceRestaurant,Theft2
461,0,0,0,0,0,0,FullServiceRestaurant,Theft2
462,0,0,0,0,0,0,FullServiceRestaurant,Theft2
463,0,0,0,0,0,0,FullServiceRestaurant,Theft2
464,0,0,0,0,0,0,FullServiceRestaurant,Theft2
465,0,0,0,0,0,0,FullServiceRestaurant,Theft2
466,0,0,0,0,0,0,FullServiceRestaurant,Theft2
467,0,0,0,0,0,0,FullServiceRestaurant,Theft2
468,0,0,0,0,0,0,FullServiceRestaurant,Theft2
469,33.92265349,0,0,19.4245,115.5775505,12.75410132,FullServiceRestaurant,Normal
470,33.91994283,0,0,19.4245,108.8187107,10.99655382,FullServiceRestaurant,Normal
471,33.90657904,0,0,19.4245,121.5274346,10.99727826,FullServiceRestaurant,Normal
472,44.5165412,0.00845756,0,26.9147,138.1871408,10.99740744,FullServiceRestaurant,Normal
473,45.58192395,0.002553143,0,26.9147,137.0269224,14.51289077,FullServiceRestaurant,Normal
474,45.59158603,0.002923445,0,26.9147,136.2415573,20.41739492,FullServiceRestaurant,Normal
475,38.09150122,0,0,19.4245,120.5892822,21.6208247,FullServiceRestaurant,Normal
476,38.08275234,0,0,19.4245,116.1418321,18.05112602,FullServiceRestaurant,Normal
477,38.04176957,0,0,19.4245,114.9709355,20.41793739,FullServiceRestaurant,Normal
478,38.03373049,0,0,19.4245,104.9940768,16.27737086,FullServiceRestaurant,Normal
479,38.8388968,0,0,19.4245,93.07564934,9.247475241,FullServiceRestaurant,Normal
480,22.08088525,0,0,8.1892,92.42387356,7.505349455,FullServiceRestaurant,Normal
481,14.65782929,0,0,7.4902,3.35988,0.02,FullServiceRestaurant,Normal
482,14.68017827,0,0,7.4902,3.931971618,0.592091618,FullServiceRestaurant,Normal
483,14.69387147,0,0,7.4902,3.35988,0.02,FullServiceRestaurant,Normal
484,14.84544538,0,0,7.4902,3.931925756,0.592045756,FullServiceRestaurant,Normal
485,22.19609837,0.004521253,0,8.1892,97.52622618,0.02,FullServiceRestaurant,Normal
486,38.15416307,0.008509456,0,19.4245,106.6843985,5.767886413,FullServiceRestaurant,Normal
487,45.62287772,0.008531694,0,26.9147,103.4579806,5.768529187,FullServiceRestaurant,Normal
488,45.62717537,0,0,26.9147,112.3965674,5.76752789,FullServiceRestaurant,Normal
489,37.08812575,0.003970787,0,19.4245,121.9266327,18.0560205,FullServiceRestaurant,Normal
490,41.40373896,0.007160069,0,26.9147,138.8211205,16.2802599,FullServiceRestaurant,Normal
491,42.16721316,0,0,26.9147,134.1134399,18.0513146,FullServiceRestaurant,Normal
492,41.44805377,0,0,26.9147,133.1015683,18.63645776,FullServiceRestaurant,Normal
493,33.92521168,0,0,19.4245,123.8071583,16.27784256,FullServiceRestaurant,Normal
494,33.92450041,0,0,19.4245,116.738007,14.51454693,FullServiceRestaurant,Normal
495,33.91195131,0,0,19.4245,124.9757849,14.51391972,FullServiceRestaurant,Normal
496,44.53611534,0.008618257,0,26.9147,128.6899601,12.75282567,FullServiceRestaurant,Normal
497,45.61334859,0,0,26.9147,124.0423408,15.09395877,FullServiceRestaurant,Normal
498,45.61345562,0.003014608,0,26.9147,120.573963,19.83362986,FullServiceRestaurant,Normal
499,38.25096306,0,0,19.4245,103.1477634,19.83294715,FullServiceRestaurant,Normal
500,38.22027418,0,0,19.4245,111.2726739,18.63481983,FullServiceRestaurant,Normal
501,38.140753,0,0,19.4245,111.0276689,19.83207054,FullServiceRestaurant,Normal
502,38.03125596,0,0,19.4245,102.8275444,14.51413528,FullServiceRestaurant,Normal
503,38.8365908,0,0,19.4245,96.15013335,10.99689173,FullServiceRestaurant,Normal
504,22.07468273,0,0,8.1892,99.03517781,9.249200773,FullServiceRestaurant,Normal
505,14.65175375,0,0,7.4902,3.931950976,0.592070976,FullServiceRestaurant,Normal
506,14.67495283,0,0,7.4902,3.35988,0.02,FullServiceRestaurant,Normal
507,14.68856549,0,0,7.4902,3.35988,0.02,FullServiceRestaurant,Normal
508,14.84059456,0,0,7.4902,3.931956881,0.592076881,FullServiceRestaurant,Normal
509,22.19319134,0.007130707,0,8.1892,104.5079715,0.02,FullServiceRestaurant,Normal
510,38.14773191,0.008029971,0,19.4245,115.2077365,5.768089709,FullServiceRestaurant,Normal
511,45.61113073,0.006153717,0,26.9147,120.2869066,5.768100509,FullServiceRestaurant,Normal
512,45.61563115,0,0,26.9147,129.1545021,5.76900148,FullServiceRestaurant,Normal
513,37.06922562,0,0,19.4245,125.0096101,5.768104183,FullServiceRestaurant,Normal
514,41.39492674,0.008771713,0,26.9147,151.7295492,18.05542751,FullServiceRestaurant,Normal
515,42.16141016,0,0,26.9147,147.7481522,18.05240217,FullServiceRestaurant,Normal
516,41.44026651,0,0,26.9147,137.4553909,14.51525332,FullServiceRestaurant,Normal
517,33.91700577,0,0,19.4245,130.0248799,15.09329214,FullServiceRestaurant,Normal
518,33.91636127,0,0,19.4245,123.0990511,10.99731465,FullServiceRestaurant,Normal
519,33.90235563,0,0,19.4245,133.1412389,10.99802412,FullServiceRestaurant,Normal
520,44.51078934,0.008238362,0,26.9147,146.6183663,10.99762045,FullServiceRestaurant,Normal
521,45.57504763,0.002333164,0,26.9147,149.1688146,14.51388657,FullServiceRestaurant,Normal
522,45.57921764,0,0,26.9147,147.7537203,18.05423528,FullServiceRestaurant,Normal
523,38.22377415,0,0,19.4245,131.3606183,18.63610638,FullServiceRestaurant,Normal
524,38.20483806,0,0,19.4245,126.8364652,14.51413334,FullServiceRestaurant,Normal
525,38.13268202,0,0,19.4245,130.9973964,18.0545258,FullServiceRestaurant,Normal
526,38.02034858,0,0,19.4245,124.8553934,14.51387239,FullServiceRestaurant,Normal
527,38.82800161,0,0,19.4245,110.5679316,7.505915526,FullServiceRestaurant,Normal
528,22.06771575,0,0,8.1892,111.988277,7.505466461,FullServiceRestaurant,Normal
529,14.6436858,0,0,7.4902,3.931940087,0.592060087,FullServiceRestaurant,Normal
530,14.66718561,0,0,7.4902,3.35988,0.02,FullServiceRestaurant,Normal
531,14.68071827,0,0,7.4902,3.35988,0.02,FullServiceRestaurant,Normal
532,14.83213837,0,0,7.4902,3.93194601,0.59206601,FullServiceRestaurant,Normal
533,22.18420438,0.004564643,0,8.1892,113.1457806,0.02,FullServiceRestaurant,Normal
534,38.14067725,0.007634848,0,19.4245,123.8551114,5.76797817,FullServiceRestaurant,Normal
535,45.61207465,0.009392633,0,26.9147,143.2530997,21.62048806,FullServiceRestaurant,Normal
536,45.61760294,0,0,26.9147,154.4491431,20.41792181,FullServiceRestaurant,Normal
537,37.06986205,0,0,19.4245,143.5951507,16.27995074,FullServiceRestaurant,Normal
538,41.38585585,0.004310329,0,26.9147,158.5406941,14.5135623,FullServiceRestaurant,Normal
539,42.15456553,0,0,26.9147,152.3914559,16.2836533,FullServiceRestaurant,Normal
540,41.43703736,0,0,26.9147,143.9933389,15.09357422,FullServiceRestaurant,Normal
541,33.91259928,0,0,19.4245,136.581349,12.75344086,FullServiceRestaurant,Normal
542,33.90901749,0,0,19.4245,133.0340167,10.99714162,FullServiceRestaurant,Normal
543,33.89395485,0,0,19.4245,142.9849001,10.99785454,FullServiceRestaurant,Normal
544,43.44469416,0.007887026,0,26.9147,155.7059972,10.99707958,FullServiceRestaurant,Normal
545,45.56891548,0.002362876,0,26.9147,153.8232989,14.51364642,FullServiceRestaurant,Normal
546,45.57725512,0.002640308,0,26.9147,154.6624127,20.41837801,FullServiceRestaurant,Normal
547,38.21812642,0,0,19.4245,144.2300075,21.61742769,FullServiceRestaurant,Normal
548,38.19811038,0,0,19.4245,146.6703179,18.05360276,FullServiceRestaurant,Normal
549,38.12495536,0,0,19.4245,150.7091974,19.83467751,FullServiceRestaurant,Normal
550,38.01375988,0,0,19.4245,143.8045348,16.8593149,FullServiceRestaurant,Normal
551,38.82301796,0,0,19.4245,131.3158104,9.246045549,FullServiceRestaurant,Normal
552,22.06771575,0,0,8.1892,111.988277,7.505466461,FullServiceRestaurant,Theft6
553,14.6436858,0,0,7.4902,3.931940087,0.592060087,FullServiceRestaurant,Theft6
554,14.66718561,0,0,7.4902,3.35988,0.02,FullServiceRestaurant,Theft6
555,14.68071827,0,0,7.4902,3.35988,0.02,FullServiceRestaurant,Theft6
556,14.83213837,0,0,7.4902,3.93194601,0.59206601,FullServiceRestaurant,Theft6
557,22.18420438,0.004564643,0,8.1892,113.1457806,0.02,FullServiceRestaurant,Theft6
558,38.14067725,0.007634848,0,19.4245,123.8551114,5.76797817,FullServiceRestaurant,Theft6
559,45.61207465,0.009392633,0,26.9147,143.2530997,21.62048806,FullServiceRestaurant,Theft6
560,45.61760294,0,0,26.9147,154.4491431,20.41792181,FullServiceRestaurant,Theft6
561,37.06986205,0,0,19.4245,143.5951507,16.27995074,FullServiceRestaurant,Theft6
562,41.38585585,0.004310329,0,26.9147,158.5406941,14.5135623,FullServiceRestaurant,Theft6
563,42.15456553,0,0,26.9147,152.3914559,16.2836533,FullServiceRestaurant,Theft6
564,41.43703736,0,0,26.9147,143.9933389,15.09357422,FullServiceRestaurant,Theft6
565,33.91259928,0,0,19.4245,136.581349,12.75344086,FullServiceRestaurant,Theft6
566,33.90901749,0,0,19.4245,133.0340167,10.99714162,FullServiceRestaurant,Theft6
567,33.89395485,0,0,19.4245,142.9849001,10.99785454,FullServiceRestaurant,Theft6
568,43.44469416,0.007887026,0,26.9147,155.7059972,10.99707958,FullServiceRestaurant,Theft6
569,45.56891548,0.002362876,0,26.9147,153.8232989,14.51364642,FullServiceRestaurant,Theft6
570,45.57725512,0.002640308,0,26.9147,154.6624127,20.41837801,FullServiceRestaurant,Theft6
571,38.21812642,0,0,19.4245,144.2300075,21.61742769,FullServiceRestaurant,Theft6
572,38.19811038,0,0,19.4245,146.6703179,18.05360276,FullServiceRestaurant,Theft6
573,38.12495536,0,0,19.4245,150.7091974,19.83467751,FullServiceRestaurant,Theft6
574,38.01375988,0,0,19.4245,143.8045348,16.8593149,FullServiceRestaurant,Theft6
575,38.82301796,0,0,19.4245,131.3158104,9.246045549,FullServiceRestaurant,Theft6
576,22.06534354,0,0,8.1892,120.8285556,7.505429181,FullServiceRestaurant,Normal
577,14.63668921,0,0,7.4902,3.931933487,0.592053487,FullServiceRestaurant,Normal
578,14.65843066,0,0,7.4902,3.35988,0.02,FullServiceRestaurant,Normal
579,14.67204913,0,0,7.4902,3.93193942,0.59205942,FullServiceRestaurant,Normal
580,14.82405397,0,0,7.4902,3.35988,0.02,FullServiceRestaurant,Normal
581,22.18060912,0.005590092,0,8.1892,119.7682689,0.02,FullServiceRestaurant,Normal
582,38.13941742,0.007823066,0,19.4245,126.2740882,5.768434949,FullServiceRestaurant,Normal
583,45.6153807,0.012349973,0,26.9147,138.3454756,22.20380378,FullServiceRestaurant,Normal
584,45.62283158,0.002562693,0,26.9147,141.8835292,19.83267241,FullServiceRestaurant,Normal
585,37.07518094,0,0,19.4245,129.5571762,16.28127979,FullServiceRestaurant,Normal
586,41.38934462,0.004514308,0,26.9147,145.9758329,14.51471385,FullServiceRestaurant,Normal
587,42.15894927,0,0,26.9147,140.371563,16.86376296,FullServiceRestaurant,Normal
588,41.4420941,0,0,26.9147,128.7851314,14.51330869,FullServiceRestaurant,Normal
589,33.91758445,0,0,19.4245,120.7836659,12.75312283,FullServiceRestaurant,Normal
590,33.91527997,0,0,19.4245,115.48653,10.99800628,FullServiceRestaurant,Normal
591,33.90132283,0,0,19.4245,128.6560305,10.99583072,FullServiceRestaurant,Normal
592,43.44844746,0.006543509,0,26.9147,146.8753581,10.99803816,FullServiceRestaurant,Normal
593,45.57204063,0,0,26.9147,148.3749465,14.5142273,FullServiceRestaurant,Normal
594,45.58095362,0.001240887,0,26.9147,151.4884466,20.41887318,FullServiceRestaurant,Normal
595,38.22217526,0,0,19.4245,136.0439725,21.619094,FullServiceRestaurant,Normal
596,38.20479948,0,0,19.4245,130.6863669,18.05353383,FullServiceRestaurant,Normal
597,38.1333857,0,0,19.4245,131.0979929,20.41847082,FullServiceRestaurant,Normal
598,38.02243306,0,0,19.4245,119.1319002,16.27602901,FullServiceRestaurant,Normal
599,38.83022192,0,0,19.4245,105.4331145,9.24673173,FullServiceRestaurant,Normal
600,22.06924092,0,0,8.1892,106.4381416,7.506297494,FullServiceRestaurant,Normal
601,14.64294878,0,0,7.4902,3.35988,0.02,FullServiceRestaurant,Normal
602,14.66493239,0,0,7.4902,3.931926594,0.592046594,FullServiceRestaurant,Normal
603,14.67873247,0,0,7.4902,3.35988,0.02,FullServiceRestaurant,Normal
604,14.83061197,0,0,7.4902,3.931932538,0.592052538,FullServiceRestaurant,Normal
605,22.18280185,0.004369396,0,8.1892,111.6927683,0.02,FullServiceRestaurant,Normal
606,38.14092315,0.007952639,0,19.4245,120.1079667,5.768763516,FullServiceRestaurant,Normal
607,45.61719844,0.012482145,0,26.9147,134.0583463,21.62102182,FullServiceRestaurant,Normal
608,45.62506833,0.002600078,0,26.9147,139.0902365,19.83337424,FullServiceRestaurant,Normal
609,37.07781186,0,0,19.4245,127.632441,16.8611821,FullServiceRestaurant,Normal
610,41.394,0.004660747,0,26.9147,141.9859518,14.51286666,FullServiceRestaurant,Normal
611,42.16441375,0,0,26.9147,136.0066641,16.28096582,FullServiceRestaurant,Normal
612,41.44749599,0,0,26.9147,124.400844,14.51397161,FullServiceRestaurant,Normal
613,33.92315824,0,0,19.4245,115.7714795,12.75359856,FullServiceRestaurant,Normal
614,33.92206675,0,0,19.4245,111.2064934,11.57615168,FullServiceRestaurant,Normal
615,33.90688922,0,0,19.4245,122.5409204,10.99697452,FullServiceRestaurant,Normal
616,43.45424312,0.006906065,0,26.9147,138.3365806,10.99743714,FullServiceRestaurant,Normal
617,45.57791861,0,0,26.9147,138.7813157,14.51275931,FullServiceRestaurant,Normal
618,45.58587817,0.002818574,0,26.9147,139.6804889,19.83415954,FullServiceRestaurant,Normal
619,38.22906768,0,0,19.4245,126.0488106,22.20170785,FullServiceRestaurant,Normal
620,38.21171074,0,0,19.4245,121.0335402,18.05460815,FullServiceRestaurant,Normal
621,38.13895191,0,0,19.4245,120.8348534,19.83274589,FullServiceRestaurant,Normal
622,38.02618047,0,0,19.4245,112.3838584,16.28376914,FullServiceRestaurant,Normal
623,38.83199844,0,0,19.4245,101.840686,9.251017589,FullServiceRestaurant,Normal
624,22.06924092,0,0,8.1892,106.4381416,7.506297494,FullServiceRestaurant,Theft6
625,14.64294878,0,0,7.4902,3.35988,0.02,FullServiceRestaurant,Theft6
626,14.66493239,0,0,7.4902,3.931926594,0.592046594,FullServiceRestaurant,Theft6
627,14.67873247,0,0,7.4902,3.35988,0.02,FullServiceRestaurant,Theft6
628,14.83061197,0,0,7.4902,3.931932538,0.592052538,FullServiceRestaurant,Theft6
629,22.18280185,0.004369396,0,8.1892,111.6927683,0.02,FullServiceRestaurant,Theft6
630,38.14092315,0.007952639,0,19.4245,120.1079667,5.768763516,FullServiceRestaurant,Theft6
631,45.61719844,0.012482145,0,26.9147,134.0583463,21.62102182,FullServiceRestaurant,Theft6
632,45.62506833,0.002600078,0,26.9147,139.0902365,19.83337424,FullServiceRestaurant,Theft6
633,37.07781186,0,0,19.4245,127.632441,16.8611821,FullServiceRestaurant,Theft6
634,41.394,0.004660747,0,26.9147,141.9859518,14.51286666,FullServiceRestaurant,Theft6
635,42.16441375,0,0,26.9147,136.0066641,16.28096582,FullServiceRestaurant,Theft6
636,41.44749599,0,0,26.9147,124.400844,14.51397161,FullServiceRestaurant,Theft6
637,33.92315824,0,0,19.4245,115.7714795,12.75359856,FullServiceRestaurant,Theft6
638,33.92206675,0,0,19.4245,111.2064934,11.57615168,FullServiceRestaurant,Theft6
639,33.90688922,0,0,19.4245,122.5409204,10.99697452,FullServiceRestaurant,Theft6
640,43.45424312,0.006906065,0,26.9147,138.3365806,10.99743714,FullServiceRestaurant,Theft6
641,45.57791861,0,0,26.9147,138.7813157,14.51275931,FullServiceRestaurant,Theft6
642,45.58587817,0.002818574,0,26.9147,139.6804889,19.83415954,FullServiceRestaurant,Theft6
643,38.22906768,0,0,19.4245,126.0488106,22.20170785,FullServiceRestaurant,Theft6
644,38.21171074,0,0,19.4245,121.0335402,18.05460815,FullServiceRestaurant,Theft6
645,38.13895191,0,0,19.4245,120.8348534,19.83274589,FullServiceRestaurant,Theft6
646,38.02618047,0,0,19.4245,112.3838584,16.28376914,FullServiceRestaurant,Theft6
647,38.83199844,0,0,19.4245,101.840686,9.251017589,FullServiceRestaurant,Theft6
648,22.08051489,0,0,8.1892,97.18053845,7.505379723,FullServiceRestaurant,Normal
649,14.66777295,0,0,7.4902,3.35988,0.02,FullServiceRestaurant,Normal
650,14.70396317,0,0,7.4902,3.931973839,0.592093839,FullServiceRestaurant,Normal
651,14.71389827,0,0,7.4902,3.35988,0.02,FullServiceRestaurant,Normal
652,14.86309429,0,0,7.4902,3.931927989,0.592047989,FullServiceRestaurant,Normal
653,22.21119311,0.004482269,0,8.1892,87.81216382,0.02,FullServiceRestaurant,Normal
654,38.15223192,0.007952883,0,19.4245,105.9719816,5.767909115,FullServiceRestaurant,Normal
655,45.61804513,0.008387051,0,26.9147,106.5372013,5.768551567,FullServiceRestaurant,Normal
656,45.62221486,0,0,26.9147,114.7735185,5.767550127,FullServiceRestaurant,Normal
657,36.02244552,0.001818694,0,19.4245,125.812393,18.05591568,FullServiceRestaurant,Normal
658,41.39629695,0.0045849,0,26.9147,146.3279115,16.2803245,FullServiceRestaurant,Normal
659,42.16194683,0,0,26.9147,143.3970475,18.05092463,FullServiceRestaurant,Normal
660,41.44290802,0,0,26.9147,139.6265102,18.6361975,FullServiceRestaurant,Normal
661,33.91993583,0,0,19.4245,130.0173185,16.27792532,FullServiceRestaurant,Normal
662,33.91804332,0,0,19.4245,125.2894575,14.51461864,FullServiceRestaurant,Normal
663,33.90501072,0,0,19.4245,135.6275132,14.51398959,FullServiceRestaurant,Normal
664,43.45340028,0.007396433,0,26.9147,149.1728938,12.75311033,FullServiceRestaurant,Normal
665,45.57302629,0,0,26.9147,152.9319316,15.0950102,FullServiceRestaurant,Normal
666,45.58150763,0.002783297,0,26.9147,150.0292655,19.83367172,FullServiceRestaurant,Normal
667,38.22605568,0,0,19.4245,128.6727008,19.832483,FullServiceRestaurant,Normal
668,38.20860201,0,0,19.4245,127.6844366,18.63539112,FullServiceRestaurant,Normal
669,38.1404304,0,0,19.4245,115.7030198,19.83210848,FullServiceRestaurant,Normal
670,38.0310691,0,0,19.4245,101.676825,14.5141622,FullServiceRestaurant,Normal
671,38.84575711,0,0,19.4245,88.14146229,10.99669003,FullServiceRestaurant,Normal
672,22.09721006,0,0,8.1892,90.21540331,9.249221192,FullServiceRestaurant,Normal
673,14.67331333,0,0,7.4902,3.931952191,0.592072191,FullServiceRestaurant,Normal
674,14.6954117,0,0,7.4902,3.35988,0.02,FullServiceRestaurant,Normal
675,14.69614795,0,0,7.4902,3.35988,0.02,FullServiceRestaurant,Normal
676,14.84431708,0,0,7.4902,3.931958093,0.592078093,FullServiceRestaurant,Normal
677,22.19506755,0.007400868,0,8.1892,101.5783903,0.02,FullServiceRestaurant,Normal
678,38.14956125,0.008229269,0,19.4245,110.5253694,5.768102164,FullServiceRestaurant,Normal
679,45.61840035,0.008161577,0,26.9147,109.5501271,5.767681265,FullServiceRestaurant,Normal
680,45.62570183,0.00231212,0,26.9147,116.6716938,5.768911832,FullServiceRestaurant,Normal
681,36.02952877,0,0,19.4245,104.6697358,5.767968681,FullServiceRestaurant,Normal
682,41.42780803,0.009759618,0,26.9147,127.1563074,18.05513347,FullServiceRestaurant,Normal
683,42.18362735,0,0,26.9147,123.9174491,18.05371281,FullServiceRestaurant,Normal
684,41.47815396,0,0,26.9147,113.1440612,14.51470043,FullServiceRestaurant,Normal
685,33.95535379,0,0,19.4245,105.5233578,15.09332824,FullServiceRestaurant,Normal
686,33.95453459,0,0,19.4245,97.56033141,10.99734031,FullServiceRestaurant,Normal
687,33.93768376,0,0,19.4245,109.7203661,10.99804929,FullServiceRestaurant,Normal
688,42.41676175,0.007122845,0,26.9147,127.8259467,10.99742138,FullServiceRestaurant,Normal
689,45.58721362,0,0,26.9147,133.7668748,14.51335353,FullServiceRestaurant,Normal
690,45.58889528,0,0,26.9147,134.6674671,18.05430875,FullServiceRestaurant,Normal
691,38.25060524,0,0,19.4245,110.368466,18.63600517,FullServiceRestaurant,Normal
692,38.24332841,0,0,19.4245,102.2192976,14.51419321,FullServiceRestaurant,Normal
693,38.16873147,0,0,19.4245,105.7581594,18.05459819,FullServiceRestaurant,Normal
694,38.04739715,0,0,19.4245,101.6239912,14.51392885,FullServiceRestaurant,Normal
695,38.84579055,0,0,19.4245,89.14248411,7.505916043,FullServiceRestaurant,Normal
696,22.09155923,0,0,8.1892,90.36962511,7.505494926,FullServiceRestaurant,Normal
697,14.67182186,0,0,7.4902,3.931942201,0.592062201,FullServiceRestaurant,Normal
698,14.69614886,0,0,7.4902,3.35988,0.02,FullServiceRestaurant,Normal
699,14.70683449,0,0,7.4902,3.35988,0.02,FullServiceRestaurant,Normal
700,14.85989292,0,0,7.4902,3.93194812,0.59206812,FullServiceRestaurant,Normal
701,22.20930507,0,0,8.1892,89.53679431,0.02,FullServiceRestaurant,Normal
702,38.17605211,0.008926017,0,19.4245,96.86562568,5.767999526,FullServiceRestaurant,Normal
703,45.66632649,0.014403634,0,26.9147,107.449206,21.62056624,FullServiceRestaurant,Normal
704,45.66793967,0.002773629,0,26.9147,115.6455859,20.41799249,FullServiceRestaurant,Normal
705,36.05286916,0,0,19.4245,106.7998365,16.2800056,FullServiceRestaurant,Normal
706,41.42011593,0.004947222,0,26.9147,124.0142327,14.51360985,FullServiceRestaurant,Normal
707,42.17278851,0,0,26.9147,120.3456445,16.28507263,FullServiceRestaurant,Normal
708,41.45034059,0,0,26.9147,115.9924983,15.09558749,FullServiceRestaurant,Normal
709,33.92617702,0,0,19.4245,108.7237291,12.75339745,FullServiceRestaurant,Normal
710,33.92569083,0,0,19.4245,103.7430792,10.99710486,FullServiceRestaurant,Normal
711,33.91328168,0,0,19.4245,115.1066797,10.99781852,FullServiceRestaurant,Normal
712,42.39949967,0.006976545,0,26.9147,130.2251982,10.99772803,FullServiceRestaurant,Normal
713,45.57612052,0,0,26.9147,132.469794,14.51452042,FullServiceRestaurant,Normal
714,45.58464394,0.002813771,0,26.9147,133.6316573,20.41826406,FullServiceRestaurant,Normal
715,38.22651416,0,0,19.4245,119.3643877,21.6173109,FullServiceRestaurant,Normal
716,38.21327971,0,0,19.4245,111.3013414,18.05191597,FullServiceRestaurant,Normal
717,38.14958562,0,0,19.4245,108.4925497,19.83420885,FullServiceRestaurant,Normal
718,38.03813246,0,0,19.4245,100.6654779,16.85915947,FullServiceRestaurant,Normal
719,38.83525077,0,0,19.4245,91.11483693,9.246032207,FullServiceRestaurant,Normal
720,6.469485739,0,0,2.400152896,27.9970449,2.199839812,FullServiceRestaurant,Theft3
721,5.747285823,0,0,2.938219635,1.317997569,0.007845504,FullServiceRestaurant,Theft3
722,5.467103719,0,0,2.788899655,1.464016828,0.220446539,FullServiceRestaurant,Theft3
723,1.687559776,0,0,0.859764851,0.385664832,0.002295706,FullServiceRestaurant,Theft3
724,9.123265986,0,0,4.447265503,1.994910472,0.011874891,FullServiceRestaurant,Theft3
725,7.028291361,0,0,2.534867324,29.88718264,0.183274007,FullServiceRestaurant,Theft3
726,29.61324798,0.006349064,0,14.98728727,83.01334912,4.450660907,FullServiceRestaurant,Theft3
727,23.46200897,0.006490444,0,13.83918001,63.47204908,11.11645486,FullServiceRestaurant,Theft3
728,35.12629952,0.002035143,0,20.71624969,99.57617692,15.26470611,FullServiceRestaurant,Theft3
729,24.05158576,0,0,12.96663554,79.58061237,11.25704597,FullServiceRestaurant,Theft3
730,32.08791305,0.003617153,0,20.85889879,105.4637993,11.24864997,FullServiceRestaurant,Theft3
731,31.35032077,0,0,20.00928501,96.57818482,12.10422958,FullServiceRestaurant,Theft3
732,18.86902804,0,0,12.25098563,54.85202534,6.606438181,FullServiceRestaurant,Theft3
733,10.36727256,0,0,5.93527317,34.70929525,3.896648527,FullServiceRestaurant,Theft3
734,4.952752986,0,0,2.835667806,16.02769422,1.605490542,FullServiceRestaurant,Theft3
735,11.6149355,0,0,6.652982316,42.18022232,3.964850416,FullServiceRestaurant,Theft3
736,32.62343692,0.00642761,0,20.70797631,106.3634831,8.46162566,FullServiceRestaurant,Theft3
737,32.09542203,0,0,18.95091936,96.52747799,10.21781988,FullServiceRestaurant,Theft3
738,18.93911043,0.001219037,0,11.18031416,56.37111138,8.238471948,FullServiceRestaurant,Theft3
739,15.3444483,0,0,7.824601312,49.14211606,8.709386858,FullServiceRestaurant,Theft3
740,28.9909419,0,0,14.78675892,90.5539919,14.18848202,FullServiceRestaurant,Theft3
741,10.41908241,0,0,5.320332455,34.76050051,5.432651304,FullServiceRestaurant,Theft3
742,21.285137,0,0,10.8737137,74.29332554,9.113312727,FullServiceRestaurant,Theft3
743,10.908608,0,0,5.457659563,37.98116121,2.598648559,FullServiceRestaurant,Theft3
744,34.14838932,0.001515282,0,18.99590833,168.277978,11.87563921,FullServiceRestaurant,Theft5
745,34.65206793,0.001549806,0,19.44618785,168.9750366,12.05777943,FullServiceRestaurant,Theft5
746,35.4861244,0.001614381,0,19.94435401,175.8518312,12.53551666,FullServiceRestaurant,Theft5
747,36.35433313,0.001681647,0,20.46327709,183.0389958,13.05699652,FullServiceRestaurant,Theft5
748,37.25858544,0.001751716,0,21.00382197,190.5017889,13.57636792,FullServiceRestaurant,Theft5
749,38.19453999,0.001824704,0,21.56688955,198.2993684,14.14121658,FullServiceRestaurant,Theft5
750,38.86261088,0.001621978,0,22.12429328,198.2499836,14.72960061,FullServiceRestaurant,Theft5
751,38.89355466,0.001391422,0,22.23678467,197.8872255,15.10297985,FullServiceRestaurant,Theft5
752,38.61455652,0.000972092,0,22.04187153,197.1249569,14.80710228,FullServiceRestaurant,Theft5
753,38.32366816,0.000924402,0,21.83883701,196.1368159,14.59769492,FullServiceRestaurant,Theft5
754,38.42085034,0.000962918,0,21.93943439,195.9252079,14.52755725,FullServiceRestaurant,Theft5
755,38.29824071,0.000901268,0,21.73213165,195.0276162,14.5281154,FullServiceRestaurant,Theft5
756,38.13841069,0.00093882,0,21.51619131,194.4408418,14.43085195,FullServiceRestaurant,Theft5
757,38.00188402,0.000977938,0,21.29125344,194.5826296,14.42738118,FullServiceRestaurant,Theft5
758,38.17320643,0.001018685,0,21.36903484,195.1368834,14.49713791,FullServiceRestaurant,Theft5
759,38.35166427,0.001061131,0,21.45005712,196.0007847,14.6429056,FullServiceRestaurant,Theft5
760,38.53808289,0.001105344,0,21.53445534,196.2709451,14.7948225,FullServiceRestaurant,Theft5
761,38.37871612,0.000908897,0,21.31027847,195.8287804,14.95302468,FullServiceRestaurant,Theft5
762,38.08014631,0.000946768,0,21.07676091,195.2315906,14.97130865,FullServiceRestaurant,Theft5
763,37.76886216,0.000986217,0,20.83351345,194.1530784,14.74441853,FullServiceRestaurant,Theft5
764,37.7511324,0.001027309,0,20.89222234,193.7086279,14.45798648,FullServiceRestaurant,Theft5
765,37.73340111,0.001070114,0,20.95337744,193.2660455,14.30817951,FullServiceRestaurant,Theft5
766,37.71785256,0.001114702,0,21.01708067,192.4094836,14.05366063,FullServiceRestaurant,Theft5
767,37.70620684,0.001161147,0,21.08343819,191.7208079,13.96104825,FullServiceRestaurant,Theft5
768,18.76845679,0.000858356,0,10.4558788,89.14890199,6.523438504,FullServiceRestaurant,Theft4
769,13.85290478,0.000650685,0,7.786990347,64.25958428,4.817592262,FullServiceRestaurant,Theft4
770,20.89176896,0.000998897,0,11.76202355,98.56180319,7.395206222,FullServiceRestaurant,Theft4
771,23.4348706,0.001140439,0,13.21477714,112.4155459,8.426185736,FullServiceRestaurant,Theft4
772,5.225602373,0.000258783,0,2.951444314,25.48763594,1.91190422,FullServiceRestaurant,Theft4
773,26.77241025,0.001349719,0,15.14907773,132.8058855,9.952465909,FullServiceRestaurant,Theft4
774,20.64629433,0.000894536,0,11.79148086,100.3473906,7.880852842,FullServiceRestaurant,Theft4
775,10.73559682,0.000393046,0,6.162486771,51.9764232,4.214666049,FullServiceRestaurant,Theft4
776,4.439892587,0.000106662,0,2.54430822,21.55087547,1.721631282,FullServiceRestaurant,Theft4
777,11.81121647,0.000265829,0,6.755773241,57.44624876,4.545158945,FullServiceRestaurant,Theft4
778,9.852544104,0.000232688,0,5.643172452,47.44931889,3.743842018,FullServiceRestaurant,Theft4
779,21.64080692,0.000410483,0,12.29188522,103.6679157,8.261725826,FullServiceRestaurant,Theft4
780,21.25778221,0.000429119,0,11.97763702,101.7728224,8.109139126,FullServiceRestaurant,Theft4
781,5.786878609,0.000124426,0,3.228016749,27.80575439,2.219187464,FullServiceRestaurant,Theft4
782,4.148159072,9.42E-05,0,2.310360863,19.85373493,1.592422588,FullServiceRestaurant,Theft4
783,2.773809074,6.67E-05,0,1.542265769,13.26357909,1.071711038,FullServiceRestaurant,Theft4
784,14.18326014,0.000361969,0,7.870782835,67.5033957,5.534226028,FullServiceRestaurant,Theft4
785,5.477324434,9.12E-05,0,3.003587977,26.15857524,2.195656299,FullServiceRestaurant,Theft4
786,11.48048944,0.000209381,0,6.249010114,55.20617366,4.691931187,FullServiceRestaurant,Theft4
787,3.655788166,7.35E-05,0,1.972464914,17.64609098,1.484072184,FullServiceRestaurant,Theft4
788,9.553377346,0.000209989,0,5.18206594,45.88221065,3.72213842,FullServiceRestaurant,Theft4
789,10.57176728,0.000255639,0,5.770077999,50.5043871,4.030748175,FullServiceRestaurant,Theft4
790,8.17690305,0.000219027,0,4.494737351,38.74387951,2.995063131,FullServiceRestaurant,Theft4
791,3.922549289,0.000117395,0,2.173897898,18.55968516,1.408124324,FullServiceRestaurant,Theft4
792,34.09198961,0.001211427,0,18.99590833,162.0281449,11.87596976,FullServiceRestaurant,Theft5
793,34.59367229,0.001261903,0,19.44618785,161.8836946,12.05810942,FullServiceRestaurant,Theft5
794,35.42651066,0.001314482,0,19.94435401,168.4650164,12.53586013,FullServiceRestaurant,Theft5
795,36.29344166,0.001369252,0,20.46327709,175.3443971,13.0573543,FullServiceRestaurant,Theft5
796,37.19595966,0.001426304,0,21.00382197,182.4865826,13.5767414,FullServiceRestaurant,Theft5
797,38.10830931,0.001485734,0,21.56688955,189.9501952,14.14160562,FullServiceRestaurant,Theft5
798,38.75156661,0.00128093,0,22.12429328,190.3866869,14.70616961,FullServiceRestaurant,Theft5
799,38.76853555,0.001197761,0,22.23678467,190.3379425,15.10252146,FullServiceRestaurant,Theft5
800,38.48451745,0.000884688,0,22.04187153,189.4018586,14.80653915,FullServiceRestaurant,Theft5
801,38.18840135,0.00092155,0,21.83883701,188.2427696,14.59703424,FullServiceRestaurant,Theft5
802,38.32416511,0.000959947,0,21.93943439,187.5941641,14.52688992,FullServiceRestaurant,Theft5
803,38.19756685,0.000797888,0,21.73213165,186.5175761,14.52743241,FullServiceRestaurant,Theft5
804,38.03353843,0.000831133,0,21.51619131,185.9737828,14.43013758,FullServiceRestaurant,Theft5
805,37.89262498,0.000865764,0,21.29125344,186.1279067,14.42662325,FullServiceRestaurant,Theft5
806,38.05937865,0.000901837,0,21.36903484,186.7025617,14.49633814,FullServiceRestaurant,Theft5
807,38.23311243,0.000939414,0,21.45005712,187.6453542,14.64212734,FullServiceRestaurant,Theft5
808,38.41458004,0.000978556,0,21.53445534,188.2124636,14.79398428,FullServiceRestaurant,Theft5
809,38.29413776,0.00077619,0,21.31027847,188.1934252,14.95214987,FullServiceRestaurant,Theft5
810,37.9919903,0.000808532,0,21.07676091,187.7376357,14.97034281,FullServiceRestaurant,Theft5
811,37.67701033,0.00084222,0,20.83351345,186.7488977,14.74334636,FullServiceRestaurant,Theft5
812,37.66138519,0.000877313,0,20.89222234,186.2845092,14.45679484,FullServiceRestaurant,Theft5
813,37.64549932,0.000913868,0,20.95337744,185.6427497,14.30696396,FullServiceRestaurant,Theft5
814,37.63057352,0.000951945,0,21.01708067,184.7960484,14.05243526,FullServiceRestaurant,Theft5
815,37.61527011,0.00099161,0,21.08343819,184.141022,13.95962953,FullServiceRestaurant,Theft5
816,22.0458663,0,0,8.1892,191.4011631,7.50548078,FullServiceRestaurant,Normal
817,14.59870787,0,0,7.4902,3.35988,0.02,FullServiceRestaurant,Normal
818,14.61271743,0,0,7.4902,3.931929636,0.592049636,FullServiceRestaurant,Normal
819,14.62559118,0,0,7.4902,3.35988,0.02,FullServiceRestaurant,Normal
820,14.77669068,0,0,7.4902,3.931935575,0.592055575,FullServiceRestaurant,Normal
821,22.15814968,0.01257997,0,8.1892,192.0045333,0.02,FullServiceRestaurant,Normal
822,38.11723441,0.007335631,0,19.4245,193.4573112,5.767985556,FullServiceRestaurant,Normal
823,45.57861599,0.006843065,0,26.9147,188.8578778,5.768626691,FullServiceRestaurant,Normal
824,45.58264101,0,0,26.9147,198.0488789,5.767624664,FullServiceRestaurant,Normal
825,34.9288397,0.003697485,0,19.4245,206.1920215,18.05614161,FullServiceRestaurant,Normal
826,41.36239182,0.005289886,0,26.9147,219.0785117,16.2820063,FullServiceRestaurant,Normal
827,42.13366355,0,0,26.9147,205.2470786,18.05299343,FullServiceRestaurant,Normal
828,41.41185371,0,0,26.9147,200.377026,18.6352944,FullServiceRestaurant,Normal
829,33.88709108,0,0,19.4245,187.6465775,16.2811455,FullServiceRestaurant,Normal
830,33.89013432,0,0,19.4245,174.0965211,14.51509825,FullServiceRestaurant,Normal
831,33.87932792,0,0,19.4245,179.0865578,14.51403123,FullServiceRestaurant,Normal
832,41.3043193,0.004150105,0,26.9147,202.4251066,12.75220598,FullServiceRestaurant,Normal
833,45.54286647,0,0,26.9147,215.7523763,15.09444295,FullServiceRestaurant,Normal
834,45.54991009,0.001260834,0,26.9147,211.8706716,19.83401091,FullServiceRestaurant,Normal
835,38.19410717,0,0,19.4245,194.7471438,19.83305478,FullServiceRestaurant,Normal
836,38.17551967,0,0,19.4245,201.8137269,18.63548621,FullServiceRestaurant,Normal
837,38.10723237,0,0,19.4245,199.7465201,19.83206973,FullServiceRestaurant,Normal
838,37.99874631,0,0,19.4245,188.7963994,14.51423865,FullServiceRestaurant,Normal
839,38.81010437,0,0,19.4245,177.3566031,10.99696856,FullServiceRestaurant,Normal
840,7.133789344,0,0,2.649473173,59.4484678,2.992387107,FullServiceRestaurant,Theft3
841,3.761332735,0,0,1.929456646,1.012861632,0.15251696,FullServiceRestaurant,Theft3
842,7.389383944,0,0,3.78721117,1.698829813,0.010112443,FullServiceRestaurant,Theft3
843,4.284434851,0,0,2.193892072,0.984114456,0.005858033,FullServiceRestaurant,Theft3
844,10.34055659,0,0,5.241058859,2.751279955,0.414291935,FullServiceRestaurant,Theft3
845,5.158354927,0.001920162,0,1.906713588,43.01595914,0.004656654,FullServiceRestaurant,Theft3
846,18.74921954,0.003342939,0,9.554496782,95.5588088,2.837218978,FullServiceRestaurant,Theft3
847,33.64244494,0.00535057,0,19.86624232,140.1636655,4.257252036,FullServiceRestaurant,Theft3
848,34.58033059,0,0,20.41798204,148.255613,4.376420754,FullServiceRestaurant,Theft3
849,25.43621151,0,0,14.14799234,137.2469264,4.201511177,FullServiceRestaurant,Theft3
850,32.59239927,0.003946085,0,21.20827278,161.259352,14.22705824,FullServiceRestaurant,Theft3
851,9.026876439,0,0,5.765832827,41.86551059,3.868058,FullServiceRestaurant,Theft3
852,19.63132113,0,0,12.75784485,86.21615699,6.88022237,FullServiceRestaurant,Theft3
853,24.92005612,0,0,14.28322099,126.8408107,11.09946218,FullServiceRestaurant,Theft3
854,7.404252093,0,0,4.243722982,35.2020129,2.402569344,FullServiceRestaurant,Theft3
855,17.80434814,0,0,10.20805514,88.36034885,5.780037091,FullServiceRestaurant,Theft3
856,5.464266927,0.000771019,0,3.560352783,24.41125315,1.454701459,FullServiceRestaurant,Theft3
857,22.30662854,0,0,13.18131603,97.22589879,7.10828372,FullServiceRestaurant,Theft3
858,6.944112475,0,0,4.103032856,31.99952539,2.752432371,FullServiceRestaurant,Theft3
859,20.02108451,0,0,10.18234942,103.0745117,9.76882668,FullServiceRestaurant,Theft3
860,21.86683276,0,0,11.12637262,109.6783014,8.313403141,FullServiceRestaurant,Theft3
861,17.26393216,0,0,8.799847161,83.97325807,8.179166941,FullServiceRestaurant,Theft3
862,20.11941547,0,0,10.28422475,94.00131397,7.684462743,FullServiceRestaurant,Theft3
863,4.631822928,0,0,2.318209688,20.15676158,0.895783081,FullServiceRestaurant,Theft3
864,22.04993433,0,0,8.1892,169.8814589,7.505119938,FullServiceRestaurant,Normal
865,14.60672835,0,0,7.4902,3.931943059,0.592063059,FullServiceRestaurant,Normal
866,14.62348941,0,0,7.4902,3.35988,0.02,FullServiceRestaurant,Normal
867,14.63743676,0,0,7.4902,3.35988,0.02,FullServiceRestaurant,Normal
868,14.78813074,0,0,7.4902,3.931948977,0.592068977,FullServiceRestaurant,Normal
869,22.16014462,0.005639875,0,8.1892,168.2596467,0.02,FullServiceRestaurant,Normal
870,38.12138195,0.006773542,0,19.4245,179.7083561,5.768008492,FullServiceRestaurant,Normal
871,45.5915868,0.010676963,0,26.9147,183.185767,21.62155399,FullServiceRestaurant,Normal
872,45.59917327,0,0,26.9147,182.7472814,20.41733774,FullServiceRestaurant,Normal
873,34.93682409,0,0,19.4245,173.4247778,16.28208908,FullServiceRestaurant,Normal
874,41.36749438,0.003985573,0,26.9147,192.4146947,14.51445468,FullServiceRestaurant,Normal
875,42.14023303,0,0,26.9147,179.4590258,16.28108126,FullServiceRestaurant,Normal
876,41.42562515,0,0,26.9147,161.6282193,15.09494121,FullServiceRestaurant,Normal
877,33.90099143,0,0,19.4245,149.9675637,12.75293797,FullServiceRestaurant,Normal
878,33.89833656,0,0,19.4245,143.7664524,10.99719675,FullServiceRestaurant,Normal
879,33.88421469,0,0,19.4245,155.6113873,10.99790843,FullServiceRestaurant,Normal
880,41.31390347,0.00604788,0,26.9147,170.1861306,10.99720366,FullServiceRestaurant,Normal
881,45.55779645,0.001074096,0,26.9147,168.510526,14.51404038,FullServiceRestaurant,Normal
882,45.56536658,0.001108408,0,26.9147,173.9679986,20.41698801,FullServiceRestaurant,Normal
883,38.20513703,0,0,19.4245,166.2866243,21.6177565,FullServiceRestaurant,Normal
884,38.18601447,0,0,19.4245,159.9074957,18.05230873,FullServiceRestaurant,Normal
885,38.11683691,0,0,19.4245,156.993046,19.83443195,FullServiceRestaurant,Normal
886,38.0087919,0,0,19.4245,146.1944672,16.85934191,FullServiceRestaurant,Normal
887,38.81956433,0,0,19.4245,131.9171785,9.246130445,FullServiceRestaurant,Normal
888,22.05964067,0,0,8.1892,133.2031254,7.505819927,FullServiceRestaurant,Normal
889,14.62262739,0,0,7.4902,3.35988,0.02,FullServiceRestaurant,Normal
890,14.64181998,0,0,7.4902,3.931943143,0.592063143,FullServiceRestaurant,Normal
891,14.65599312,0,0,7.4902,3.35988,0.02,FullServiceRestaurant,Normal
892,15.32358819,0,0,7.4902,3.35988,0.02,FullServiceRestaurant,Normal
893,22.68703057,0.007118749,0,8.1892,129.1130231,0.592094892,FullServiceRestaurant,Normal
894,38.36010731,0.007048742,0,19.4245,139.8112419,5.768404759,FullServiceRestaurant,Normal
895,45.6017528,0.01128676,0,26.9147,156.1653446,21.61970678,FullServiceRestaurant,Normal
896,45.6090508,0.002380395,0,26.9147,159.5939689,19.83220595,FullServiceRestaurant,Normal
897,34.94496311,0,0,19.4245,145.6262998,16.86375318,FullServiceRestaurant,Normal
898,41.37784469,0.004289462,0,26.9147,157.7897106,14.51370771,FullServiceRestaurant,Normal
899,42.14845699,0,0,26.9147,152.628652,16.2816854,FullServiceRestaurant,Normal
900,41.42893071,0,0,26.9147,143.4733763,14.51454334,FullServiceRestaurant,Normal
901,33.90487229,0,0,19.4245,135.7611148,12.75276444,FullServiceRestaurant,Normal
902,33.90259732,0,0,19.4245,130.241297,10.99780781,FullServiceRestaurant,Normal
903,33.88866565,0,0,19.4245,142.5713541,11.57614814,FullServiceRestaurant,Normal
904,41.32049293,0.007933812,0,26.9147,154.7418744,10.99733669,FullServiceRestaurant,Normal
905,45.56312654,0.002412755,0,26.9147,151.9066821,14.51158922,FullServiceRestaurant,Normal
906,45.57323153,0.002761856,0,26.9147,150.5610366,19.832901,FullServiceRestaurant,Normal
907,38.07288679,0,0,19.4245,136.8035712,21.62116587,FullServiceRestaurant,Normal
908,38.06411075,0,0,19.4245,133.7185463,18.63873896,FullServiceRestaurant,Normal
909,38.0243779,0,0,19.4245,132.9214591,19.83557541,FullServiceRestaurant,Normal
910,38.01614504,0,0,19.4245,124.4481725,16.28257252,FullServiceRestaurant,Normal
911,38.82485706,0,0,19.4245,112.4825459,9.250355523,FullServiceRestaurant,Normal
912,22.0662235,0,0,8.1892,113.5735616,7.50465494,FullServiceRestaurant,Normal
913,14.6372404,0,0,7.4902,3.931938005,0.592058005,FullServiceRestaurant,Normal
914,14.65931557,0,0,7.4902,3.35988,0.02,FullServiceRestaurant,Normal
915,14.67328521,0,0,7.4902,3.93194393,0.59206393,FullServiceRestaurant,Normal
916,14.82533195,0,0,7.4902,3.35988,0.02,FullServiceRestaurant,Normal
917,22.18178187,0.005390946,0,8.1892,110.775541,0.02,FullServiceRestaurant,Normal
918,0,0,0,0,0,0,FullServiceRestaurant,Theft2
919,0,0,0,0,0,0,FullServiceRestaurant,Theft2
920,0,0,0,0,0,0,FullServiceRestaurant,Theft2
921,0,0,0,0,0,0,FullServiceRestaurant,Theft2
922,0,0,0,0,0,0,FullServiceRestaurant,Theft2
923,0,0,0,0,0,0,FullServiceRestaurant,Theft2
924,0,0,0,0,0,0,FullServiceRestaurant,Theft2
925,0,0,0,0,0,0,FullServiceRestaurant,Theft2
926,0,0,0,0,0,0,FullServiceRestaurant,Theft2
927,0,0,0,0,0,0,FullServiceRestaurant,Theft2
928,0,0,0,0,0,0,FullServiceRestaurant,Theft2
929,0,0,0,0,0,0,FullServiceRestaurant,Theft2
930,0,0,0,0,0,0,FullServiceRestaurant,Theft2
931,0,0,0,0,0,0,FullServiceRestaurant,Theft2
932,0,0,0,0,0,0,FullServiceRestaurant,Theft2
933,0,0,0,0,0,0,FullServiceRestaurant,Theft2
934,0,0,0,0,0,0,FullServiceRestaurant,Theft2
935,0,0,0,0,0,0,FullServiceRestaurant,Theft2
936,0,0,0,0,0,0,FullServiceRestaurant,Theft2
937,0,0,0,0,0,0,FullServiceRestaurant,Theft2
938,0,0,0,0,0,0,FullServiceRestaurant,Theft2
939,0,0,0,0,0,0,FullServiceRestaurant,Theft2
940,14.8382204,0,0,7.4902,3.931940633,0.592060633,FullServiceRestaurant,Normal
941,22.18870613,0.00205693,0,8.1892,100.5190684,0.02,FullServiceRestaurant,Normal
942,38.14912843,0.007888081,0,19.4245,111.0918584,5.768845677,FullServiceRestaurant,Normal
943,45.62436409,0.012379695,0,26.9147,127.157794,21.62132356,FullServiceRestaurant,Normal
944,45.63098695,0.002507248,0,26.9147,133.6632787,19.83364218,FullServiceRestaurant,Normal
945,33.90607438,0,0,19.4245,122.790665,16.8624007,FullServiceRestaurant,Normal
946,41.39889049,0.004602703,0,26.9147,138.3772934,14.51324266,FullServiceRestaurant,Normal
947,42.16549913,0,0,26.9147,133.2105293,16.28047585,FullServiceRestaurant,Normal
948,41.4465302,0,0,26.9147,121.6118257,14.5141394,FullServiceRestaurant,Normal
949,33.92188728,0,0,19.4245,112.885039,12.75351633,FullServiceRestaurant,Normal
950,33.91878278,0,0,19.4245,107.757157,11.57512067,FullServiceRestaurant,Normal
951,33.90395822,0,0,19.4245,120.7724888,10.99764678,FullServiceRestaurant,Normal
952,41.33427712,0.006654524,0,26.9147,137.5696579,10.99758207,FullServiceRestaurant,Normal
953,44.51831789,0,0,26.9147,139.6206395,14.51366853,FullServiceRestaurant,Normal
954,45.58921857,0.002648117,0,26.9147,140.1023427,19.83437875,FullServiceRestaurant,Normal
955,38.23112828,0,0,19.4245,127.0569467,22.2019473,FullServiceRestaurant,Normal
956,38.21308265,0,0,19.4245,122.9164128,18.05479671,FullServiceRestaurant,Normal
957,38.14030056,0,0,19.4245,122.8241921,19.832946,FullServiceRestaurant,Normal
958,38.02899207,0,0,19.4245,114.4490159,16.28392845,FullServiceRestaurant,Normal
959,38.83577004,0,0,19.4245,104.1518047,9.251105674,FullServiceRestaurant,Normal
960,8.877575857,0,0,3.293625527,43.27375315,3.018345167,FullServiceRestaurant,Theft1
961,5.891248376,0,0,3.012493762,1.581402783,0.238131887,FullServiceRestaurant,Theft1
962,5.900708137,0,0,3.012493762,1.351314724,0.008043827,FullServiceRestaurant,Theft1
963,5.905635632,0,0,3.012493762,1.581391294,0.238120398,FullServiceRestaurant,Theft1
964,6.172691888,0,0,3.012493762,1.351314724,0.008043827,FullServiceRestaurant,Theft1
965,9.128821728,0.002149164,0,3.293625527,49.14859087,0.238133177,FullServiceRestaurant,Theft1
966,15.43062654,0.002980712,0,7.81236617,52.79259679,2.088950773,FullServiceRestaurant,Theft1
967,18.34473036,0.004587982,0,10.82485993,59.54265845,8.930989597,FullServiceRestaurant,Theft1
968,18.34785126,0.00098333,0,10.82485993,61.08258618,7.977232405,FullServiceRestaurant,Theft1
969,13.63299061,0,0,7.81236617,55.83170237,6.548312091,FullServiceRestaurant,Theft1
970,16.64583701,0.001741442,0,10.82485993,61.86291565,5.837268209,FullServiceRestaurant,Theft1
971,16.95575647,0,0,10.82485993,59.12522431,6.781901358,FullServiceRestaurant,Theft1
972,16.66740038,0,0,10.82485993,54.53151988,5.837036321,FullServiceRestaurant,Theft1
973,13.64146786,0,0,7.81236617,51.38508798,5.129521008,FullServiceRestaurant,Theft1
974,13.64040567,0,0,7.81236617,49.81698026,4.42277626,FullServiceRestaurant,Theft1
975,13.63445008,0,0,7.81236617,54.96337765,4.423066502,FullServiceRestaurant,Theft1
976,16.62186116,0.001951544,0,10.82485993,60.74746704,4.423027453,FullServiceRestaurant,Theft1
977,17.9030027,0,0,10.82485993,59.99408102,5.837409212,FullServiceRestaurant,Theft1
978,18.33277775,0.001099373,0,10.82485993,59.68742976,8.211787534,FullServiceRestaurant,Theft1
979,15.31641317,0,0,7.81236617,53.29599418,8.695798554,FullServiceRestaurant,Theft1
980,15.31331238,0,0,7.81236617,51.47196793,7.260079224,FullServiceRestaurant,Theft1
981,15.29692994,0,0,7.81236617,51.63939453,8.211208444,FullServiceRestaurant,Theft1
982,15.29413836,0,0,7.81236617,45.15054824,6.547530261,FullServiceRestaurant,Theft1
983,15.62257166,0,0,7.81236617,36.81665556,3.719290252,FullServiceRestaurant,Theft1
984,22.08935395,0,0,8.1892,89.69580684,7.505419381,FullServiceRestaurant,Normal
985,14.66432125,0,0,7.4902,3.35988,0.02,FullServiceRestaurant,Normal
986,14.68907459,0,0,7.4902,3.931925019,0.592045019,FullServiceRestaurant,Normal
987,14.70708377,0,0,7.4902,3.35988,0.02,FullServiceRestaurant,Normal
988,14.86175611,0,0,7.4902,3.931930965,0.592050965,FullServiceRestaurant,Normal
989,22.21587424,0.00725768,0,8.1892,88.10017386,0.02,FullServiceRestaurant,Normal
990,38.17111636,0.008685661,0,19.4245,97.13700883,5.767939199,FullServiceRestaurant,Normal
991,45.63996563,0.008642476,0,26.9147,93.85853136,5.768581165,FullServiceRestaurant,Normal
992,45.64235113,0,0,26.9147,103.0958601,5.767579507,FullServiceRestaurant,Normal
993,33.92338206,0.004091895,0,19.4245,112.4382005,18.05617879,FullServiceRestaurant,Normal
994,41.41473347,0.00488237,0,26.9147,129.2549022,16.28039859,FullServiceRestaurant,Normal
995,42.17882249,0,0,26.9147,122.9593641,18.05226741,FullServiceRestaurant,Normal
996,41.46865613,0,0,26.9147,120.9961737,18.63641127,FullServiceRestaurant,Normal
997,33.94233711,0,0,19.4245,113.1591189,16.27795385,FullServiceRestaurant,Normal
998,33.93599186,0,0,19.4245,108.4872715,14.51464343,FullServiceRestaurant,Normal
999,33.91790065,0,0,19.4245,120.2672395,14.51401374,FullServiceRestaurant,Normal
1000,41.34531178,0.006421736,0,26.9147,134.7987709,12.75235237,FullServiceRestaurant,Normal
